respondent_id,prob_class1,prob_class2,assigned_class
China_1,2.20710628188023e-7,0.999999779289372,Class2
China_10,1.3193132948989909e-12,0.9999999999986808,Class2
China_100,2.530696391774126e-6,0.9999974693036082,Class2
China_101,2.436224724950992e-13,0.9999999999997563,Class2
China_102,4.1511630741743426e-8,0.9999999584883692,Class2
China_103,0.9999989163981778,1.0836018220779162e-6,Class1
China_104,0.9717555588379263,0.028244441162073572,Class1
China_105,0.9999651196452871,3.4880354712752116e-5,Class1
China_106,0.9759202170413854,0.024079782958614376,Class1
China_107,0.9454607348779599,0.054539265122040104,Class1
China_108,0.9857783995233513,0.014221600476648623,Class1
China_109,0.9454607348779599,0.054539265122040104,Class1
China_11,0.9454607348779599,0.054539265122040104,Class1
China_110,0.9710524282670574,0.028947571732942382,Class1
China_111,0.999990794555537,9.205444463155583e-6,Class1
China_112,4.905334996656803e-10,0.9999999995094664,Class2
China_113,0.9999115175832664,8.848241673391478e-5,Class1
China_114,9.963756735329806e-13,0.9999999999990035,Class2
China_115,0.9969453858434674,0.0030546141565326685,Class1
China_116,0.9717555588379263,0.028244441162073572,Class1
China_117,6.243672824595184e-9,0.9999999937563272,Class2
China_118,0.0010922638248007247,0.9989077361751992,Class2
China_119,0.9999648514036145,3.514859638545654e-5,Class1
China_12,0.999999434194045,5.658059553433546e-7,Class1
China_120,0.9643358740292017,0.035664125970798405,Class1
China_121,0.007875716512327368,0.9921242834876725,Class2
China_122,4.3476781409021576e-7,0.9999995652321861,Class2
China_123,0.9717555588379263,0.028244441162073572,Class1
China_124,0.9998421428443115,1.5785715568876016e-4,Class1
China_125,1.3193132948989909e-12,0.9999999999986808,Class2
China_126,0.9945630574246637,0.005436942575336328,Class1
China_127,0.9494988427804181,0.05050115721958169,Class1
China_128,2.8044629791969567e-8,0.9999999719553705,Class2
China_129,0.006206391074869337,0.9937936089251307,Class2
China_13,0.003790235799658869,0.9962097642003411,Class2
China_130,0.9454607348779599,0.054539265122040104,Class1
China_131,1.3193132948989909e-12,0.9999999999986808,Class2
China_132,1.5822067296807645e-16,1,Class2
China_133,0.9999963713271071,3.6286728927005987e-6,Class1
China_134,2.0404155986965502e-10,0.9999999997959584,Class2
China_135,3.5164832783915935e-19,0.9999999999999998,Class2
China_136,0.999999434194045,5.658059553433546e-7,Class1
China_137,0.9717555588379263,0.028244441162073572,Class1
China_138,0.9454607348779599,0.054539265122040104,Class1
China_139,0.9999361737603282,6.382623967153501e-5,Class1
China_14,0.9999890423752793,1.0957624720520674e-5,Class1
China_140,0.9582533797744494,0.041746620225550764,Class1
China_141,0.9582533797744494,0.041746620225550764,Class1
China_142,0.9999977376312893,2.262368710637997e-6,Class1
China_143,0.9503385995731876,0.04966140042681239,Class1
China_144,1.8978542600865171e-16,0.9999999999999999,Class2
China_145,5.91853795610083e-19,0.9999999999999999,Class2
China_146,0.9582533797744494,0.041746620225550764,Class1
China_147,3.5190965568407705e-9,0.9999999964809034,Class2
China_148,0.9998421428443115,1.5785715568876016e-4,Class1
China_149,0.9998946772759794,1.0532272402052247e-4,Class1
China_15,1.0998876034094338e-12,0.9999999999989002,Class2
China_150,0.9966478500016808,0.003352149998319274,Class1
China_151,0.9753181301369663,0.024681869863033536,Class1
China_152,0.9919788954178326,0.008021104582167623,Class1
China_153,9.963756735329806e-13,0.9999999999990035,Class2
China_154,0.9582533797744494,0.041746620225550764,Class1
China_155,0.9973294629328966,0.002670537067103488,Class1
China_156,0.14474133670866876,0.8552586632913313,Class2
China_157,0.998493059668915,0.001506940331085201,Class1
China_158,0.9454607348779599,0.054539265122040104,Class1
China_159,0.010344379377063907,0.989655620622936,Class2
China_16,0.005458449711022258,0.9945415502889778,Class2
China_160,0.9999723573251441,2.764267485600576e-5,Class1
China_161,1.9774838605812184e-12,0.9999999999980226,Class2
China_162,0.9582533797744494,0.041746620225550764,Class1
China_163,1.8978542600865171e-16,0.9999999999999999,Class2
China_164,0.9582533797744494,0.041746620225550764,Class1
China_165,0.9940016099616062,0.005998390038393802,Class1
China_166,0.999999434194045,5.658059553433546e-7,Class1
China_167,0.9998129568557271,1.87043144272978e-4,Class1
China_168,0.9998421428443115,1.5785715568876016e-4,Class1
China_169,3.433825005901582e-4,0.9996566174994099,Class2
China_17,9.963756735329806e-13,0.9999999999990035,Class2
China_170,0.9582533797744494,0.041746620225550764,Class1
China_171,0.9582533797744494,0.041746620225550764,Class1
China_172,1.080642416488492e-12,0.9999999999989196,Class2
China_173,0.999999434194045,5.658059553433546e-7,Class1
China_174,0.9454607348779599,0.054539265122040104,Class1
China_175,0.9503385995731876,0.04966140042681239,Class1
China_176,0.9998094280215256,1.9057197847413345e-4,Class1
China_177,0.9582533797744494,0.041746620225550764,Class1
China_178,0.9454607348779599,0.054539265122040104,Class1
China_179,9.963756735329806e-13,0.9999999999990035,Class2
China_18,0.9999969515740417,3.0484259584949716e-6,Class1
China_180,0.07729152352756805,0.922708476472432,Class2
China_181,0.9998834959148682,0.00011650408513164486,Class1
China_182,0.9761643781440125,0.02383562185598773,Class1
China_183,0.9999979661866998,2.0338132999901324e-6,Class1
China_184,0.9686809127344942,0.03131908726550569,Class1
China_185,0.9996869854840984,3.1301451590164304e-4,Class1
China_186,1.8978542600865171e-16,0.9999999999999999,Class2
China_187,0.9998946772759794,1.0532272402052247e-4,Class1
China_188,0.9732864663717781,0.02671353362822197,Class1
China_189,0.9761643781440125,0.02383562185598773,Class1
China_19,2.091606445749527e-8,0.9999999790839353,Class2
China_190,0.9999115175832664,8.848241673391478e-5,Class1
China_191,1.3193132948989909e-12,0.9999999999986808,Class2
China_192,0.9717555588379263,0.028244441162073572,Class1
China_193,0.9986587645469087,0.0013412354530915225,Class1
China_194,1.5822067296807645e-16,1,Class2
China_195,0.9582533797744494,0.041746620225550764,Class1
China_196,0.9857783995233513,0.014221600476648623,Class1
China_197,0.9717555588379263,0.028244441162073572,Class1
China_198,0.9454607348779599,0.054539265122040104,Class1
China_199,0.011966358979869753,0.9880336410201302,Class2
China_2,0.9503385995731876,0.04966140042681239,Class1
China_20,1.701057536191253e-10,0.9999999998298944,Class2
China_200,1.321431378215179e-7,0.9999998678568621,Class2
China_201,0.9998828427026323,1.1715729736763643e-4,Class1
China_202,1.3193132948989909e-12,0.9999999999986808,Class2
China_203,0.9454607348779599,0.054539265122040104,Class1
China_204,0.9999651196452871,3.4880354712752116e-5,Class1
China_205,1.4333030857581912e-16,0.9999999999999998,Class2
China_206,2.353885691172697e-12,0.9999999999976461,Class2
China_207,0.0044049483497165184,0.9955950516502834,Class2
China_208,0.9503385995731876,0.04966140042681239,Class1
China_209,2.0106039821723093e-7,0.9999997989396017,Class2
China_21,2.6622653102229077e-7,0.999999733773469,Class2
China_210,0.8718851288818765,0.12811487111812336,Class1
China_211,2.9174476858003378e-9,0.9999999970825523,Class2
China_212,0.9997909900905684,2.090099094316434e-4,Class1
China_213,2.6428826861250725e-9,0.9999999973571172,Class2
China_214,0.9998946772759794,1.0532272402052247e-4,Class1
China_215,0.9999739235062207,2.6076493779321395e-5,Class1
China_216,0.9582533797744494,0.041746620225550764,Class1
China_217,1.8978542600865171e-16,0.9999999999999999,Class2
China_218,1.8978542600865171e-16,0.9999999999999999,Class2
China_219,0.9717555588379263,0.028244441162073572,Class1
China_22,0.9998828427026323,1.1715729736763643e-4,Class1
China_220,1.5545222061295186e-16,1,Class2
China_221,0.9582533797744494,0.041746620225550764,Class1
China_222,0.9503385995731876,0.04966140042681239,Class1
China_223,0.9998421428443115,1.5785715568876016e-4,Class1
China_224,0.9894066965028739,0.010593303497125941,Class1
China_225,0.9998946772759794,1.0532272402052247e-4,Class1
China_226,7.961517267716872e-15,0.9999999999999922,Class2
China_227,0.9999992508095068,7.491904932592028e-7,Class1
China_228,0.9973294629328966,0.002670537067103488,Class1
China_229,0.9582533797744494,0.041746620225550764,Class1
China_23,0.9996292291690108,3.707708309892319e-4,Class1
China_230,0.999990794555537,9.205444463155583e-6,Class1
China_231,1.3193132948989909e-12,0.9999999999986808,Class2
China_232,6.17106828946192e-5,0.9999382893171054,Class2
China_233,9.963756735329806e-13,0.9999999999990035,Class2
China_234,0.9999992508095068,7.491904932592028e-7,Class1
China_235,0.9857783995233513,0.014221600476648623,Class1
China_236,2.769521824115829e-8,0.9999999723047818,Class2
China_237,0.9999987891111064,1.2108888935440837e-6,Class1
China_238,0.9999708604735101,2.9139526490036057e-5,Class1
China_239,0.9998421428443115,1.5785715568876016e-4,Class1
China_24,0.9999996225124893,3.7748751060490016e-7,Class1
China_240,1.7716758108960893e-10,0.9999999998228325,Class2
China_241,0.9753954624302973,0.024604537569702652,Class1
China_242,0.9999989905036535,1.0094963466886712e-6,Class1
China_243,0.999998860080872,1.1399191280246735e-6,Class1
China_244,0.999994561087864,5.4389121361216e-6,Class1
China_245,0.9582533797744494,0.041746620225550764,Class1
China_246,0.0020523453443376328,0.9979476546556624,Class2
China_247,0.9879011259053482,0.012098874094652044,Class1
China_248,0.9998957414097753,1.0425859022464481e-4,Class1
China_249,1.9774838605812184e-12,0.9999999999980226,Class2
China_25,1.8978542600865171e-16,0.9999999999999999,Class2
China_250,0.9921380240564762,0.00786197594352373,Class1
China_251,0.9997017022214635,2.9829777853662877e-4,Class1
China_252,0.017383560171874226,0.9826164398281257,Class2
China_253,0.9582533797744494,0.041746620225550764,Class1
China_254,0.9454607348779599,0.054539265122040104,Class1
China_255,0.9998946772759794,1.0532272402052247e-4,Class1
China_256,0.9998919774517994,1.0802254820053997e-4,Class1
China_257,0.9494988427804181,0.05050115721958169,Class1
China_258,0.9582533797744494,0.041746620225550764,Class1
China_259,0.9999115175832664,8.848241673391478e-5,Class1
China_26,0.9998421428443115,1.5785715568876016e-4,Class1
China_260,0.9997017022214635,2.9829777853662877e-4,Class1
China_261,0.9999409656538573,5.903434614251268e-5,Class1
China_262,1.3193132948989909e-12,0.9999999999986808,Class2
China_263,1.5822067296807645e-16,1,Class2
China_264,0.9582533797744494,0.041746620225550764,Class1
China_265,7.345606713419336e-5,0.9999265439328658,Class2
China_266,3.1911430028796174e-8,0.99999996808857,Class2
China_267,2.4526492616929577e-8,0.9999999754735075,Class2
China_268,0.9954884007023548,0.0045115992976454645,Class1
China_269,0.9940016099616062,0.005998390038393802,Class1
China_27,0.9998106565751919,1.8934342480818553e-4,Class1
China_270,0.9999986633138975,1.3366861023922686e-6,Class1
China_271,0.9999989163981778,1.0836018220779162e-6,Class1
China_272,0.9919788954178326,0.008021104582167623,Class1
China_273,1.7777084867033043e-12,0.999999999998222,Class2
China_274,0.9998421428443115,1.5785715568876016e-4,Class1
China_275,0.050983397043216507,0.9490166029567835,Class2
China_276,0.9999979505454732,2.0494545268078602e-6,Class1
China_277,0.9454607348779599,0.054539265122040104,Class1
China_278,4.364502427076762e-5,0.9999563549757292,Class2
China_279,0.9582533797744494,0.041746620225550764,Class1
China_28,0.9686809127344942,0.03131908726550569,Class1
China_280,0.9999990966206206,9.033793796665636e-7,Class1
China_281,0.9998421428443115,1.5785715568876016e-4,Class1
China_282,9.963756735329806e-13,0.9999999999990035,Class2
China_283,0.9717555588379263,0.028244441162073572,Class1
China_284,0.9686809127344942,0.03131908726550569,Class1
China_285,1.4333030857581912e-16,0.9999999999999998,Class2
China_286,0.9999992508095068,7.491904932592028e-7,Class1
China_287,0.9582533797744494,0.041746620225550764,Class1
China_288,8.251233096852527e-4,0.9991748766903146,Class2
China_289,0.9717555588379263,0.028244441162073572,Class1
China_29,0.9954884007023548,0.0045115992976454645,Class1
China_290,0.9999989905036535,1.0094963466886712e-6,Class1
China_291,0.9454607348779599,0.054539265122040104,Class1
China_292,3.433825005901582e-4,0.9996566174994099,Class2
China_293,0.9959381811701589,0.004061818829841383,Class1
China_294,0.9637638826559474,0.03623611734405267,Class1
China_295,0.9998421428443115,1.5785715568876016e-4,Class1
China_296,0.9998421428443115,1.5785715568876016e-4,Class1
China_297,0.9999996225124893,3.7748751060490016e-7,Class1
China_298,4.299905077543149e-8,0.9999999570009491,Class2
China_299,2.8279683278428412e-6,0.9999971720316722,Class2
China_3,3.433825005901582e-4,0.9996566174994099,Class2
China_30,0.9999979661866998,2.0338132999901324e-6,Class1
China_300,0.9454607348779599,0.054539265122040104,Class1
China_301,1.5545222061295186e-16,1,Class2
China_302,1.3193132948989909e-12,0.9999999999986808,Class2
China_303,1.3193132948989909e-12,0.9999999999986808,Class2
China_304,0.9857783995233513,0.014221600476648623,Class1
China_305,1.3193132948989909e-12,0.9999999999986808,Class2
China_306,0.9999890423752793,1.0957624720520646e-5,Class1
China_307,0.9999115175832664,8.848241673391478e-5,Class1
China_308,1.4333030857581912e-16,0.9999999999999998,Class2
China_309,0.999980299499221,1.970050077905546e-5,Class1
China_31,0.9894066965028739,0.010593303497125941,Class1
China_310,0.999999434194045,5.658059553433546e-7,Class1
China_311,0.9761643781440125,0.02383562185598773,Class1
China_312,0.9998421428443115,1.5785715568876016e-4,Class1
China_313,0.9582533797744494,0.041746620225550764,Class1
China_314,9.963756735329806e-13,0.9999999999990035,Class2
China_315,0.999999434194045,5.658059553433546e-7,Class1
China_316,0.9999845065579577,1.5493442042525263e-5,Class1
China_317,0.9999903501809498,9.649819050318947e-6,Class1
China_318,0.9931825318219727,0.006817468178027464,Class1
China_319,2.1924188555956547e-19,1,Class2
China_32,0.9999990966206206,9.033793796665636e-7,Class1
China_320,0.005824330950046596,0.9941756690499534,Class2
China_321,0.9954884007023548,0.0045115992976454645,Class1
China_322,0.9454607348779599,0.054539265122040104,Class1
China_323,9.963756735329806e-13,0.9999999999990035,Class2
China_324,1.5822067296807645e-16,1,Class2
China_325,0.9946342535228069,0.005365746477193066,Class1
China_326,0.9999977376312893,2.262368710637997e-6,Class1
China_327,0.9999959635456498,4.036454350200009e-6,Class1
China_328,0.9999115175832664,8.848241673391478e-5,Class1
China_329,0.9582533797744494,0.041746620225550764,Class1
China_33,0.9582533797744494,0.041746620225550764,Class1
China_330,0.9582533797744494,0.041746620225550764,Class1
China_331,0.9503385995731876,0.04966140042681239,Class1
China_332,0.9996292291690108,3.707708309892319e-4,Class1
China_333,0.9454607348779599,0.054539265122040104,Class1
China_334,0.979248243811032,0.02075175618896816,Class1
China_335,0.9582533797744494,0.041746620225550764,Class1
China_336,3.433825005901582e-4,0.9996566174994099,Class2
China_337,0.9902246702306958,0.009775329769303915,Class1
China_338,0.9494988427804181,0.05050115721958169,Class1
China_339,0.9998421428443115,1.5785715568876016e-4,Class1
China_34,0.9454607348779599,0.054539265122040104,Class1
China_340,0.9973294629328966,0.002670537067103488,Class1
China_341,8.251233096852527e-4,0.9991748766903146,Class2
China_342,0.9999989905036535,1.0094963466886712e-6,Class1
China_343,1.8978542600865171e-16,0.9999999999999999,Class2
China_344,0.9975961433103263,0.0024038566896738087,Class1
China_345,0.9999992508095068,7.491904932592028e-7,Class1
China_346,0.9994359682624243,5.640317375756379e-4,Class1
China_347,0.4561218440629818,0.5438781559370183,Class2
China_348,0.9454607348779599,0.054539265122040104,Class1
China_349,0.9503385995731876,0.04966140042681239,Class1
China_35,0.9829894766068489,0.01701052339315116,Class1
China_350,0.9582533797744494,0.041746620225550764,Class1
China_351,1.5545222061295186e-16,1,Class2
China_352,0.9999989163981778,1.0836018220779162e-6,Class1
China_353,0.9582533797744494,0.041746620225550764,Class1
China_354,1.2611481567263568e-11,0.9999999999873885,Class2
China_355,0.999999434194045,5.658059553433546e-7,Class1
China_356,0.9919788954178326,0.008021104582167623,Class1
China_357,0.9999689601608673,3.103983913254804e-5,Class1
China_358,0.9717555588379263,0.028244441162073572,Class1
China_359,0.9954632169883427,0.00453678301165738,Class1
China_36,9.963756735329806e-13,0.9999999999990035,Class2
China_360,0.9999477196670791,5.228033292114368e-5,Class1
China_361,1.5822067296807645e-16,1,Class2
China_362,0.9686809127344942,0.03131908726550569,Class1
China_363,2.844643636632346e-16,0.9999999999999998,Class2
China_364,1.8978542600865171e-16,0.9999999999999999,Class2
China_365,0.9996663312539119,3.336687460880929e-4,Class1
China_366,1.636328300619929e-8,0.9999999836367169,Class2
China_367,0.9999992508095068,7.491904932592028e-7,Class1
China_368,0.9857783995233513,0.014221600476648623,Class1
China_369,0.996798401073825,0.003201598926174951,Class1
China_37,0.9879011259053482,0.012098874094652044,Class1
China_370,0.998493059668915,0.0015069403310852,Class1
China_371,0.999999434194045,5.658059553433546e-7,Class1
China_372,0.9454607348779599,0.054539265122040104,Class1
China_373,0.9999989905036535,1.0094963466886712e-6,Class1
China_374,0.9454607348779599,0.054539265122040104,Class1
China_375,1.3193132948989909e-12,0.9999999999986808,Class2
China_376,2.844643636632346e-16,0.9999999999999998,Class2
China_377,0.9916893379983651,0.008310662001634727,Class1
China_378,0.9582533797744494,0.041746620225550764,Class1
China_379,8.751975667381969e-10,0.9999999991248023,Class2
China_38,0.999999434194045,5.658059553433546e-7,Class1
China_380,0.9919788954178326,0.008021104582167609,Class1
China_381,0.9773610905769216,0.022638909423078488,Class1
China_382,1.8978542600865171e-16,0.9999999999999999,Class2
China_383,0.9717555588379263,0.028244441162073572,Class1
China_384,0.9998421428443115,1.5785715568876016e-4,Class1
China_385,0.9999480111756526,5.198882434766238e-5,Class1
China_386,0.9999115175832664,8.848241673391478e-5,Class1
China_387,0.9940016099616062,0.005998390038393802,Class1
China_388,0.9454607348779599,0.054539265122040104,Class1
China_389,0.9996482689105781,3.5173108942191273e-4,Class1
China_39,0.9999835759954296,1.642400457058729e-5,Class1
China_390,0.9994359682624243,5.640317375756379e-4,Class1
China_391,0.9985014500236543,0.0014985499763458907,Class1
China_392,0.0010922638248007247,0.9989077361751992,Class2
China_393,0.9582533797744494,0.041746620225550764,Class1
China_394,0.9973294629328966,0.002670537067103488,Class1
China_395,1.080642416488492e-12,0.9999999999989196,Class2
China_396,0.8187185871930298,0.18128141280697035,Class1
China_397,0.999467909050573,5.320909494268297e-4,Class1
China_398,0.998944524346028,0.0010554756539720787,Class1
China_399,1.0168188756334733e-15,0.999999999999999,Class2
China_4,0.9964669670252334,0.0035330329747665433,Class1
China_40,0.9999891034761299,1.0896523869816518e-5,Class1
China_400,0.999999434194045,5.658059553433546e-7,Class1
China_401,7.426067300256437e-30,1,Class2
China_402,0.9999800604669017,1.9939533098157683e-5,Class1
China_403,4.941311269133117e-8,0.9999999505868874,Class2
China_404,0.9954632169883427,0.00453678301165738,Class1
China_405,0.9454607348779599,0.054539265122040104,Class1
China_406,0.9999996225124893,3.7748751060490016e-7,Class1
China_407,1.3193132948989909e-12,0.9999999999986808,Class2
China_408,1.9112411688605256e-6,0.9999980887588311,Class2
China_409,1.3193132948989909e-12,0.9999999999986808,Class2
China_41,0.9998938673662641,1.0613263373589608e-4,Class1
China_410,0.999999434194045,5.658059553433546e-7,Class1
China_411,0.9999969515740417,3.0484259584949716e-6,Class1
China_412,0.9999887614622666,1.1238537733223019e-5,Class1
China_413,0.999999434194045,5.658059553433546e-7,Class1
China_414,0.9998421428443115,1.5785715568876016e-4,Class1
China_415,1.4333030857581912e-16,0.9999999999999998,Class2
China_416,0.9582533797744494,0.041746620225550764,Class1
China_417,0.9761643781440125,0.02383562185598773,Class1
China_418,0.999994561087864,5.4389121361216e-6,Class1
China_419,0.9999993213168031,6.786831969408766e-7,Class1
China_42,0.9582533797744494,0.041746620225550764,Class1
China_420,0.9997909900905684,2.090099094316434e-4,Class1
China_421,1.8978542600865171e-16,0.9999999999999999,Class2
China_422,0.9582533797744494,0.041746620225550764,Class1
China_43,0.9999706970803751,2.9302919624919528e-5,Class1
China_44,0.999996387851428,3.6121485720699413e-6,Class1
China_45,5.145988098717758e-4,0.9994854011901283,Class2
China_46,0.9998421428443115,1.5785715568876016e-4,Class1
China_47,0.9993761194275257,6.238805724744009e-4,Class1
China_48,1.0998876034094338e-12,0.9999999999989002,Class2
China_49,0.9645276887134914,0.0354723112865089,Class1
China_5,0.9999988038245929,1.1961754071529694e-6,Class1
China_50,2.6097322340365156e-19,1,Class2
China_51,0.9946342535228069,0.005365746477193066,Class1
China_52,0.9733131691643249,0.02668683083567499,Class1
China_53,0.9715445229504653,0.028455477049534623,Class1
China_54,0.9999992508095068,7.491904932592028e-7,Class1
China_55,0.9503385995731876,0.04966140042681239,Class1
China_56,0.9717555588379263,0.028244441162073572,Class1
China_57,0.9717555588379263,0.028244441162073572,Class1
China_58,3.323930912082468e-4,0.9996676069087918,Class2
China_59,0.9582533797744494,0.041746620225550764,Class1
China_6,0.9761643781440125,0.02383562185598773,Class1
China_60,1.4333030857581912e-16,0.9999999999999998,Class2
China_61,0.02341034953564986,0.97658965046435,Class2
China_62,0.9503385995731876,0.04966140042681239,Class1
China_63,0.9999782528891302,2.1747110869840073e-5,Class1
China_64,1.3193132948989909e-12,0.9999999999986808,Class2
China_65,0.9998919774517994,1.0802254820053997e-4,Class1
China_66,0.8712889522676543,0.12871104773234548,Class1
China_67,0.9999477196670791,5.228033292114368e-5,Class1
China_68,0.9999963713271071,3.6286728927005987e-6,Class1
China_69,0.4330599748972965,0.5669400251027036,Class2
China_7,0.9996659835452341,3.34016454765916e-4,Class1
China_70,0.9999989905036535,1.0094963466886712e-6,Class1
China_71,0.9999990966206206,9.033793796665636e-7,Class1
China_72,0.9999992508095068,7.491904932592028e-7,Class1
China_73,0.9999115175832664,8.848241673391478e-5,Class1
China_74,0.9999996225124893,3.7748751060490016e-7,Class1
China_75,0.7901428108168455,0.20985718918315457,Class1
China_76,1.8978542600865171e-16,0.9999999999999999,Class2
China_77,0.9503385995731876,0.04966140042681239,Class1
China_78,0.9904666828972445,0.009533317102755534,Class1
China_79,0.001395741909509165,0.9986042580904907,Class2
China_8,0.9533163169705533,0.046683683029446726,Class1
China_80,0.9999969515740417,3.0484259584949716e-6,Class1
China_81,0.999999434194045,5.658059553433546e-7,Class1
China_82,0.47675035626142287,0.5232496437385772,Class2
China_83,0.9999739235062207,2.6076493779321395e-5,Class1
China_84,6.041401778343406e-16,0.9999999999999993,Class2
China_85,0.6751053788281802,0.3248946211718197,Class1
China_86,0.9982987001734807,0.0017012998265190636,Class1
China_87,0.9717555588379263,0.028244441162073572,Class1
China_88,0.9582533797744494,0.041746620225550764,Class1
China_89,0.9999942063842813,5.793615718595032e-6,Class1
China_9,0.9999986633138975,1.3366861023922686e-6,Class1
China_90,0.9999477196670791,5.228033292114368e-5,Class1
China_91,1.8978542600865171e-16,0.9999999999999999,Class2
China_92,0.9998510856300943,1.4891436990585022e-4,Class1
China_93,0.9454607348779599,0.054539265122040104,Class1
China_94,0.999999434194045,5.658059553433546e-7,Class1
China_95,0.9839704773002399,0.016029522699759966,Class1
China_96,0.9582533797744494,0.041746620225550764,Class1
China_97,0.9998421428443115,1.5785715568876016e-4,Class1
China_98,0.9999120109323524,8.798906764788595e-5,Class1
China_99,0.9999115175832664,8.848241673391478e-5,Class1
Japan_1,0.9997441658818078,2.558341181922172e-4,Class1
Japan_10,0.9987010789109759,0.0012989210890239807,Class1
Japan_100,0.9998931015276361,1.0689847236391024e-4,Class1
Japan_101,0.9995436243437664,4.5637565623367327e-4,Class1
Japan_102,0.999715291098717,2.847089012829513e-4,Class1
Japan_103,0.9721458465141913,0.027854153485808646,Class1
Japan_104,0.9693408407030616,0.030659159296938347,Class1
Japan_105,0.9997102221802971,2.89777819703156e-4,Class1
Japan_106,0.9997102221802971,2.89777819703156e-4,Class1
Japan_107,1.972604744512275e-6,0.9999980273952555,Class2
Japan_108,0.9988684117862258,0.0011315882137743361,Class1
Japan_109,0.999685722426372,3.142775736281571e-4,Class1
Japan_11,0.9997441658818078,2.558341181922172e-4,Class1
Japan_110,0.998163980354716,0.0018360196452839699,Class1
Japan_111,0.9997075051599756,2.924948400243081e-4,Class1
Japan_112,8.58008005902143e-4,0.9991419919940979,Class2
Japan_113,0.999685722426372,3.142775736281571e-4,Class1
Japan_114,8.58008005902143e-4,0.9991419919940979,Class2
Japan_115,0.9998416233025911,1.5837669740888672e-4,Class1
Japan_116,0.9999063425521548,9.36574478452601e-5,Class1
Japan_117,0.999685722426372,3.142775736281571e-4,Class1
Japan_118,0.999685722426372,3.142775736281571e-4,Class1
Japan_119,0.980248466319258,0.019751533680742086,Class1
Japan_12,0.9998487042260421,1.5129577395795905e-4,Class1
Japan_120,0.9997102221802971,2.89777819703156e-4,Class1
Japan_121,0.999715291098717,2.847089012829513e-4,Class1
Japan_122,0.9997102221802971,2.89777819703156e-4,Class1
Japan_123,0.999685722426372,3.142775736281571e-4,Class1
Japan_124,0.9978229982583455,0.0021770017416544362,Class1
Japan_125,8.58008005902143e-4,0.9991419919940979,Class2
Japan_126,5.306240743455173e-6,0.9999946937592566,Class2
Japan_127,3.696357094860665e-6,0.9999963036429049,Class2
Japan_128,0.9998416233025911,1.5837669740888672e-4,Class1
Japan_129,0.9970596935495943,0.0029403064504058044,Class1
Japan_13,0.9943723956077956,0.00562760439220453,Class1
Japan_130,0.9998416233025911,1.5837669740888672e-4,Class1
Japan_131,1.115019340937986e-8,0.9999999888498067,Class2
Japan_132,0.9998141373601405,1.858626398595166e-4,Class1
Japan_133,0.9985289435752022,0.0014710564247979476,Class1
Japan_134,0.999715291098717,2.847089012829513e-4,Class1
Japan_135,0.9996632970930256,3.3670290697440674e-4,Class1
Japan_136,0.999685722426372,3.142775736281571e-4,Class1
Japan_137,0.9812097228832994,0.01879027711670058,Class1
Japan_138,0.9843134542542256,0.015686545745774525,Class1
Japan_139,0.999715291098717,2.847089012829513e-4,Class1
Japan_14,0.9997396109121853,2.603890878148701e-4,Class1
Japan_140,0.9569302172325571,0.04306978276744311,Class1
Japan_141,0.999715291098717,2.847089012829513e-4,Class1
Japan_142,0.9991955700426438,8.044299573562026e-4,Class1
Japan_143,0.999715291098717,2.847089012829513e-4,Class1
Japan_144,1.505613289463034e-7,0.9999998494386712,Class2
Japan_145,0.999715291098717,2.847089012829513e-4,Class1
Japan_146,0.07952605800386214,0.9204739419961377,Class2
Japan_147,1.0745545664759616e-5,0.9999892544543352,Class2
Japan_148,0.9998416233025911,1.5837669740888672e-4,Class1
Japan_149,0.9716638475197742,0.02833615248022588,Class1
Japan_15,0.9991937833192432,8.062166807568506e-4,Class1
Japan_150,0.999715291098717,2.847089012829513e-4,Class1
Japan_151,0.9997102221802971,2.89777819703156e-4,Class1
Japan_152,0.9998931015276361,1.0689847236391024e-4,Class1
Japan_153,0.999685722426372,3.142775736281571e-4,Class1
Japan_154,0.9997102221802971,2.89777819703156e-4,Class1
Japan_155,8.58008005902143e-4,0.9991419919940979,Class2
Japan_156,0.999715291098717,2.847089012829513e-4,Class1
Japan_157,0.999685722426372,3.142775736281571e-4,Class1
Japan_158,0.9998416233025911,1.5837669740888672e-4,Class1
Japan_159,0.999414679487849,5.853205121510261e-4,Class1
Japan_16,0.9586680926022682,0.04133190739773205,Class1
Japan_160,0.9997102221802971,2.89777819703156e-4,Class1
Japan_161,0.9998416233025911,1.5837669740888672e-4,Class1
Japan_162,0.9997102221802971,2.89777819703156e-4,Class1
Japan_163,0.9998316262027646,1.6837379723541e-4,Class1
Japan_164,0.9998416233025911,1.5837669740888672e-4,Class1
Japan_165,0.999685722426372,3.142775736281571e-4,Class1
Japan_166,0.9997102221802971,2.89777819703156e-4,Class1
Japan_167,0.12266326658890422,0.8773367334110957,Class2
Japan_168,0.999685722426372,3.142775736281571e-4,Class1
Japan_169,0.9997102221802971,2.89777819703156e-4,Class1
Japan_17,0.9744649947114621,0.025535005288538037,Class1
Japan_170,0.9997626321046978,2.37367895302482e-4,Class1
Japan_171,0.9993311092528703,6.688907471298933e-4,Class1
Japan_172,0.0014050835154436779,0.9985949164845563,Class2
Japan_173,0.999685722426372,3.142775736281571e-4,Class1
Japan_174,0.9997102221802971,2.89777819703156e-4,Class1
Japan_175,0.999715291098717,2.847089012829513e-4,Class1
Japan_176,0.99632393733815094,0.0036760626618490585,Class1
Japan_177,0.1913552347000347,0.8086447652999653,Class2
Japan_178,0.999715291098717,2.847089012829513e-4,Class1
Japan_179,0.0011459752422835208,0.9988540247577165,Class2
Japan_18,0.9996901324051984,3.098675948016557e-4,Class1
Japan_180,0.9997350249562755,2.649750437244911e-4,Class1
Japan_181,0.9994420776385665,5.57922361433595e-4,Class1
Japan_182,0.9985546460530881,0.0014453539469118817,Class1
Japan_183,0.999715291098717,2.847089012829513e-4,Class1
Japan_184,0.9995516061562029,4.4839384379716425e-4,Class1
Japan_185,0.9997102221802971,2.89777819703156e-4,Class1
Japan_186,0.9997102221802971,2.89777819703156e-4,Class1
Japan_187,0.9985546460530881,0.0014453539469118817,Class1
Japan_188,0.9721458465141913,0.027854153485808646,Class1
Japan_189,0.9997626321046978,2.37367895302482e-4,Class1
Japan_19,0.9997441658818078,2.558341181922172e-4,Class1
Japan_190,0.9997750639730372,2.24936026962846e-4,Class1
Japan_191,0.6475936025896941,0.35240639741030577,Class1
Japan_192,0.9693408407030616,0.030659159296938347,Class1
Japan_193,0.999715291098717,2.847089012829513e-4,Class1
Japan_194,0.999685722426372,3.142775736281571e-4,Class1
Japan_195,0.9994420776385665,5.57922361433595e-4,Class1
Japan_196,0.9992513000363082,7.486999636916787e-4,Class1
Japan_197,0.9997102221802971,2.89777819703156e-4,Class1
Japan_198,0.9997102221802971,2.89777819703156e-4,Class1
Japan_199,9.470607142189346e-4,0.999052939285781,Class2
Japan_2,0.9723650957179575,0.027634904282042533,Class1
Japan_20,0.9998576874721388,1.4231252786127717e-4,Class1
Japan_200,4.008968826304074e-6,0.9999959910311739,Class2
Japan_201,4.766533978357796e-13,0.9999999999995233,Class2
Japan_202,2.064181682245108e-13,0.9999999999997935,Class2
Japan_203,0.9998416233025911,1.5837669740888672e-4,Class1
Japan_204,0.9693408407030616,0.030659159296938347,Class1
Japan_205,0.999715291098717,2.847089012829513e-4,Class1
Japan_206,0.9994602971987606,5.397028012394861e-4,Class1
Japan_207,0.9716638475197742,0.02833615248022588,Class1
Japan_208,0.9997102221802971,2.89777819703156e-4,Class1
Japan_209,0.999715291098717,2.847089012829513e-4,Class1
Japan_21,0.9990535250590745,9.4647494092551e-4,Class1
Japan_210,3.696357094860665e-6,0.9999963036429049,Class2
Japan_211,0.9596898419194853,0.04031015808051471,Class1
Japan_212,0.999715291098717,2.847089012829513e-4,Class1
Japan_213,0.9997102221802971,2.89777819703156e-4,Class1
Japan_214,0.999715291098717,2.847089012829513e-4,Class1
Japan_215,0.9997102221802971,2.89777819703156e-4,Class1
Japan_216,0.12852412329332283,0.8714758767066774,Class2
Japan_217,0.9969371770564155,0.0030628229435844304,Class1
Japan_218,0.9996632970930256,3.3670290697440674e-4,Class1
Japan_219,0.9998416233025911,1.5837669740888672e-4,Class1
Japan_22,0.9986779769756189,0.001322023024381068,Class1
Japan_220,0.9998416233025911,1.5837669740888672e-4,Class1
Japan_221,0.9997102221802971,2.89777819703156e-4,Class1
Japan_222,0.9998526020628058,1.4739793719425987e-4,Class1
Japan_223,0.9985289435752022,0.0014710564247979476,Class1
Japan_224,0.9997102221802971,2.89777819703156e-4,Class1
Japan_225,0.9998526020628058,1.4739793719425987e-4,Class1
Japan_226,0.999715291098717,2.847089012829513e-4,Class1
Japan_227,0.9998465506659053,1.5344933409467372e-4,Class1
Japan_228,0.9994302557294618,5.697442705383066e-4,Class1
Japan_229,0.9996193500922971,3.8064990770295777e-4,Class1
Japan_23,0.9943723956077956,0.00562760439220453,Class1
Japan_230,0.003506794188215375,0.9964932058117846,Class2
Japan_231,0.9997102221802971,2.89777819703156e-4,Class1
Japan_232,0.999685722426372,3.142775736281571e-4,Class1
Japan_233,0.9998416233025911,1.5837669740888672e-4,Class1
Japan_234,0.9998571879073589,1.42812092641119e-4,Class1
Japan_235,0.999715291098717,2.847089012829513e-4,Class1
Japan_236,0.9997102221802971,2.89777819703156e-4,Class1
Japan_237,0.9995709170942079,4.290829057922469e-4,Class1
Japan_238,0.99977908536855975,2.2091463144057797e-4,Class1
Japan_239,0.999715291098717,2.847089012829513e-4,Class1
Japan_24,4.113664477380744e-6,0.9999958863355223,Class2
Japan_240,0.1764059721892861,0.8235940278107138,Class2
Japan_241,0.9931336704587252,0.006866329541275062,Class1
Japan_242,0.9997102221802971,2.89777819703156e-4,Class1
Japan_243,0.9998316262027646,1.6837379723541e-4,Class1
Japan_244,0.9998416233025911,1.5837669740888672e-4,Class1
Japan_245,7.336048127058445e-6,0.999992663951873,Class2
Japan_246,0.9994697355937129,5.302644062870805e-4,Class1
Japan_247,0.999715291098717,2.847089012829513e-4,Class1
Japan_248,0.999685722426372,3.142775736281571e-4,Class1
Japan_249,0.1320256075602347,0.8679743924397653,Class2
Japan_25,9.547823907040174e-4,0.9990452176092959,Class2
Japan_250,0.9997350249562755,2.649750437244911e-4,Class1
Japan_251,0.9997102221802971,2.89777819703156e-4,Class1
Japan_252,0.9998782080353534,1.2179196464651722e-4,Class1
Japan_253,0.999715291098717,2.847089012829513e-4,Class1
Japan_254,5.46380341368412e-10,0.9999999994536196,Class2
Japan_255,0.9556876513374641,0.04431234866253583,Class1
Japan_256,0.999685722426372,3.142775736281571e-4,Class1
Japan_257,0.9998416233025911,1.5837669740888672e-4,Class1
Japan_258,0.999715291098717,2.847089012829513e-4,Class1
Japan_259,0.9997102221802971,2.89777819703156e-4,Class1
Japan_26,0.9997441658818078,2.558341181922172e-4,Class1
Japan_260,2.7601895165060646e-11,0.999999999972398,Class2
Japan_261,2.4890035901472464e-10,0.9999999997510995,Class2
Japan_262,0.999685722426372,3.142775736281571e-4,Class1
Japan_263,0.9985724755244807,0.0014275244755193092,Class1
Japan_264,0.999685722426372,3.142775736281571e-4,Class1
Japan_265,0.9997102221802971,2.89777819703156e-4,Class1
Japan_266,0.99632393733815094,0.003676062661849056,Class1
Japan_267,0.999685722426372,3.142775736281571e-4,Class1
Japan_268,0.999715291098717,2.847089012829513e-4,Class1
Japan_269,0.999715291098717,2.847089012829513e-4,Class1
Japan_27,0.998621665982614,0.0013783340173859227,Class1
Japan_270,0.9997350249562755,2.649750437244911e-4,Class1
Japan_271,0.9998819973209218,1.1800267907827419e-4,Class1
Japan_272,0.999685722426372,3.142775736281571e-4,Class1
Japan_273,0.9716638475197742,0.02833615248022588,Class1
Japan_274,0.999685722426372,3.142775736281571e-4,Class1
Japan_275,2.799547770191786e-4,0.9997200452229807,Class2
Japan_276,4.008968826304074e-6,0.9999959910311739,Class2
Japan_277,0.9997102221802971,2.89777819703156e-4,Class1
Japan_278,0.9998465506659053,1.5344933409467372e-4,Class1
Japan_279,0.999414679487849,5.853205121510261e-4,Class1
Japan_28,0.9998576874721388,1.4231252786127717e-4,Class1
Japan_280,0.9997102221802971,2.89777819703156e-4,Class1
Japan_281,0.999505046268692,4.949537313080105e-4,Class1
Japan_282,0.22433046153222125,0.7756695384677788,Class2
Japan_283,0.999715291098717,2.847089012829513e-4,Class1
Japan_284,0.9998416233025911,1.5837669740888672e-4,Class1
Japan_285,0.9998416233025911,1.5837669740888672e-4,Class1
Japan_286,0.9997102221802971,2.89777819703156e-4,Class1
Japan_287,0.999715291098717,2.847089012829513e-4,Class1
Japan_288,0.0039618841399567065,0.9960381158600432,Class2
Japan_289,0.9998416233025911,1.5837669740888672e-4,Class1
Japan_29,0.9997175951762054,2.8240482379453746e-4,Class1
Japan_290,0.999715291098717,2.847089012829513e-4,Class1
Japan_291,4.0803643577319865e-6,0.9999959196356423,Class2
Japan_292,0.999685722426372,3.142775736281571e-4,Class1
Japan_293,3.033196256634225e-8,0.9999999696680373,Class2
Japan_294,0.999685722426372,3.142775736281571e-4,Class1
Japan_295,0.9792980421584617,0.020701957841538186,Class1
Japan_296,1.0955093879798472e-8,0.9999999890449063,Class2
Japan_297,0.9998416233025911,1.5837669740888672e-4,Class1
Japan_298,0.9985546460530881,0.0014453539469118817,Class1
Japan_299,0.9997626321046978,2.37367895302482e-4,Class1
Japan_3,0.13260342608373152,0.8673965739162687,Class2
Japan_30,0.999551417264393,4.485827356070422e-4,Class1
Japan_300,0.999715291098717,2.847089012829513e-4,Class1
Japan_301,0.9997464386168945,2.5356138310548686e-4,Class1
Japan_302,0.999685722426372,3.142775736281571e-4,Class1
Japan_303,0.9984047300025188,0.001595269997481302,Class1
Japan_304,0.12077619755016118,0.8792238024498388,Class2
Japan_305,0.18863861711875668,0.8113613828812435,Class2
Japan_306,9.470607142189346e-4,0.999052939285781,Class2
Japan_307,1.115019340937986e-8,0.9999999888498067,Class2
Japan_308,0.029058075679263502,0.9709419243207366,Class2
Japan_309,0.11241700122389908,0.8875829987761007,Class2
Japan_31,0.9997175951762054,2.8240482379453746e-4,Class1
Japan_310,6.801539291142772e-13,0.9999999999993197,Class2
Japan_311,0.9997102221802971,2.89777819703156e-4,Class1
Japan_312,0.9766704188439589,0.02332958115604122,Class1
Japan_313,0.999685722426372,3.142775736281571e-4,Class1
Japan_314,0.0856756012084414,0.9143243987915588,Class2
Japan_315,0.9998141373601405,1.858626398595166e-4,Class1
Japan_316,0.9998609899855674,1.3901001443254472e-4,Class1
Japan_317,4.008968826304074e-6,0.9999959910311739,Class2
Japan_318,0.9981443935183065,0.0018556064816935517,Class1
Japan_319,0.0017195847716631127,0.9982804152283369,Class2
Japan_32,0.999857570364438,1.424296355619711e-4,Class1
Japan_320,0.9998316262027646,1.6837379723541e-4,Class1
Japan_321,6.801539291142772e-13,0.9999999999993197,Class2
Japan_322,0.9997102221802971,2.89777819703156e-4,Class1
Japan_323,0.9693408407030616,0.030659159296938347,Class1
Japan_324,0.999715291098717,2.847089012829513e-4,Class1
Japan_325,9.305050218970559e-4,0.9990694949781032,Class2
Japan_326,8.58008005902143e-4,0.9991419919940979,Class2
Japan_327,0.999685722426372,3.142775736281571e-4,Class1
Japan_328,0.999685722426372,3.142775736281571e-4,Class1
Japan_329,0.999715291098717,2.847089012829513e-4,Class1
Japan_33,0.2810389553780031,0.718961044621997,Class2
Japan_330,0.9693408407030616,0.030659159296938347,Class1
Japan_331,0.07952605800386214,0.9204739419961377,Class2
Japan_332,0.999715291098717,2.847089012829513e-4,Class1
Japan_333,1.0955093879798472e-8,0.9999999890449063,Class2
Japan_334,0.9998416233025911,1.5837669740888672e-4,Class1
Japan_335,0.9960511681968008,0.003948831803199117,Class1
Japan_336,0.999685722426372,3.142775736281571e-4,Class1
Japan_337,1.115019340937986e-8,0.9999999888498067,Class2
Japan_338,7.508140703500171e-13,0.9999999999992492,Class2
Japan_339,0.9997102221802971,2.89777819703156e-4,Class1
Japan_34,0.9997396109121853,2.603890878148701e-4,Class1
Japan_340,0.0010175407905962525,0.9989824592094037,Class2
Japan_341,0.9995578891757857,4.4211082421479804e-4,Class1
Japan_342,0.9984047300025188,0.001595269997481302,Class1
Japan_343,0.9995826806741469,4.173193258529853e-4,Class1
Japan_344,4.0803643577319865e-6,0.9999959196356423,Class2
Japan_345,0.9999405396498471,5.946035015285253e-5,Class1
Japan_346,0.9995578891757857,4.4211082421479804e-4,Class1
Japan_347,9.305050218970559e-4,0.9990694949781032,Class2
Japan_348,0.9997102221802971,2.89777819703156e-4,Class1
Japan_349,0.9693408407030616,0.030659159296938347,Class1
Japan_35,0.9997396109121853,2.603890878148701e-4,Class1
Japan_350,0.9997102221802971,2.89777819703156e-4,Class1
Japan_351,0.999715291098717,2.847089012829513e-4,Class1
Japan_352,0.9997102221802971,2.89777819703156e-4,Class1
Japan_353,0.9997102221802971,2.89777819703156e-4,Class1
Japan_354,0.9997049945429142,2.9500545708582295e-4,Class1
Japan_355,0.999685722426372,3.142775736281571e-4,Class1
Japan_356,0.999715291098717,2.847089012829513e-4,Class1
Japan_357,0.9997102221802971,2.89777819703156e-4,Class1
Japan_358,0.9999226770808826,7.732291911749021e-5,Class1
Japan_359,0.999685722426372,3.142775736281571e-4,Class1
Japan_36,0.9997396109121853,2.603890878148701e-4,Class1
Japan_360,0.12266326658890422,0.8773367334110957,Class2
Japan_361,0.9951839920943412,0.0048160079056588255,Class1
Japan_362,0.999539345985409,4.6065401459108904e-4,Class1
Japan_363,0.9631024613674111,0.036897538632588954,Class1
Japan_364,7.336048127058445e-6,0.999992663951873,Class2
Japan_365,9.305050218970559e-4,0.9990694949781032,Class2
Japan_366,0.9997102221802971,2.89777819703156e-4,Class1
Japan_367,0.999685722426372,3.142775736281571e-4,Class1
Japan_368,0.9996632970930256,3.3670290697440674e-4,Class1
Japan_369,1.468146317564893e-8,0.9999999853185367,Class2
Japan_37,0.9998576874721388,1.4231252786127717e-4,Class1
Japan_370,0.999685722426372,3.142775736281571e-4,Class1
Japan_371,4.008968826304074e-6,0.9999959910311739,Class2
Japan_372,0.9998931015276361,1.0689847236391024e-4,Class1
Japan_373,0.9997102221802971,2.89777819703156e-4,Class1
Japan_374,0.19122796841337236,0.8087720315866276,Class2
Japan_375,0.9997102221802971,2.89777819703156e-4,Class1
Japan_376,0.9964214682804708,0.003578531719529274,Class1
Japan_377,0.9998465506659053,1.5344933409467372e-4,Class1
Japan_378,0.9998931015276361,1.0689847236391024e-4,Class1
Japan_379,3.696357094860665e-6,0.9999963036429049,Class2
Japan_38,0.9997175951762054,2.8240482379453746e-4,Class1
Japan_380,0.9997350249562755,2.649750437244911e-4,Class1
Japan_381,0.9998416233025911,1.5837669740888672e-4,Class1
Japan_382,0.9997505511926743,2.494488073256936e-4,Class1
Japan_383,0.9937939816060344,0.006206018393965577,Class1
Japan_384,0.9568165888502,0.04318341114979992,Class1
Japan_385,0.9997102221802971,2.89777819703156e-4,Class1
Japan_386,4.008968826304074e-6,0.9999959910311739,Class2
Japan_387,4.008968826304074e-6,0.9999959910311739,Class2
Japan_388,0.9998416233025911,1.5837669740888672e-4,Class1
Japan_389,3.991014973831864e-4,0.9996008985026168,Class2
Japan_39,0.9997396109121853,2.603890878148701e-4,Class1
Japan_390,0.9716638475197742,0.02833615248022588,Class1
Japan_391,0.9998432978588531,1.5670214114692533e-4,Class1
Japan_392,0.9998416233025911,1.5837669740888672e-4,Class1
Japan_393,0.9997102221802971,2.89777819703156e-4,Class1
Japan_394,0.9716638475197742,0.02833615248022588,Class1
Japan_395,0.999715291098717,2.847089012829513e-4,Class1
Japan_396,0.9962924917177038,0.003707508282296168,Class1
Japan_397,0.999685722426372,3.142775736281571e-4,Class1
Japan_398,0.9998931015276361,1.0689847236391024e-4,Class1
Japan_399,0.9997102221802971,2.89777819703156e-4,Class1
Japan_4,0.9997396109121853,2.603890878148701e-4,Class1
Japan_40,0.9997441658818078,2.558341181922172e-4,Class1
Japan_400,0.9997102221802971,2.89777819703156e-4,Class1
Japan_401,0.999685722426372,3.142775736281571e-4,Class1
Japan_402,0.9997102221802971,2.89777819703156e-4,Class1
Japan_403,0.9999226770808826,7.732291911749021e-5,Class1
Japan_404,0.999715291098717,2.847089012829513e-4,Class1
Japan_405,0.9985289435752022,0.0014710564247979476,Class1
Japan_406,0.999685722426372,3.142775736281571e-4,Class1
Japan_407,0.9995516061562029,4.4839384379716425e-4,Class1
Japan_408,0.9999405396498471,5.946035015285253e-5,Class1
Japan_409,8.58008005902143e-4,0.9991419919940979,Class2
Japan_41,0.9998576874721388,1.4231252786127717e-4,Class1
Japan_410,8.58008005902143e-4,0.9991419919940979,Class2
Japan_411,0.999715291098717,2.847089012829513e-4,Class1
Japan_412,0.9998416233025911,1.5837669740888672e-4,Class1
Japan_42,0.999681658670361,3.1834132963902607e-4,Class1
Japan_43,0.9995860574900663,4.139425099336781e-4,Class1
Japan_44,0.9997441658818078,2.558341181922172e-4,Class1
Japan_45,0.9997886054071106,2.1139459288947162e-4,Class1
Japan_46,3.071807731719124e-11,0.9999999999692818,Class2
Japan_47,0.9997396109121853,2.603890878148701e-4,Class1
Japan_48,7.569415381533049e-13,0.9999999999992429,Class2
Japan_49,1.6462745459280918e-7,0.9999998353725457,Class2
Japan_5,0.9990008640727912,9.991359272087928e-4,Class1
Japan_50,0.9997396109121853,2.603890878148701e-4,Class1
Japan_51,0.9247328421584411,0.07526715784155888,Class1
Japan_52,0.9898378070081867,0.010162192991813472,Class1
Japan_53,3.8502824392107815e-4,0.9996149717560789,Class2
Japan_54,0.9998032586739639,1.9674132603609502e-4,Class1
Japan_55,0.9997396109121853,2.603890878148701e-4,Class1
Japan_56,0.0010354478425238383,0.9989645521574763,Class2
Japan_57,0.9993277816157735,6.722183842268067e-4,Class1
Japan_58,0.9997396109121853,2.603890878148701e-4,Class1
Japan_59,0.9997396109121853,2.603890878148701e-4,Class1
Japan_6,0.9997396109121853,2.603890878148701e-4,Class1
Japan_60,0.999110101248335,8.89898751664935e-4,Class1
Japan_61,0.9986779769756189,0.001322023024381068,Class1
Japan_62,0.9995860574900663,4.1394250993367714e-4,Class1
Japan_63,0.9997648394902588,2.351605097410918e-4,Class1
Japan_64,0.9997175951762054,2.8240482379453746e-4,Class1
Japan_65,0.9930454749866685,0.006954525013331771,Class1
Japan_66,0.999857570364438,1.424296355619711e-4,Class1
Japan_67,0.9996942107258991,3.057892741008263e-4,Class1
Japan_68,0.9997175951762054,2.8240482379453746e-4,Class1
Japan_69,0.0010538687245124916,0.9989461312754875,Class2
Japan_7,0.9997396109121853,2.603890878148701e-4,Class1
Japan_70,0.9964503337899755,0.0035496662100245606,Class1
Japan_71,0.9997441658818078,2.558341181922172e-4,Class1
Japan_72,0.9997618988354862,2.3810116451386139e-4,Class1
Japan_73,9.547823907040174e-4,0.9990452176092959,Class2
Japan_74,0.9997441658818078,2.558341181922172e-4,Class1
Japan_75,0.9998576874721388,1.4231252786127717e-4,Class1
Japan_76,0.9997369531197376,2.630468802623157e-4,Class1
Japan_77,0.9997441658818078,2.558341181922172e-4,Class1
Japan_78,0.9997175951762054,2.8240482379453746e-4,Class1
Japan_79,0.9997439553821322,2.560446178677165e-4,Class1
Japan_8,0.9997175951762054,2.8240482379453746e-4,Class1
Japan_80,0.9997865311480817,2.134688519187149e-4,Class1
Japan_81,0.9997396109121853,2.603890878148701e-4,Class1
Japan_82,0.9995970749490871,4.029250509128022e-4,Class1
Japan_83,0.9997441658818078,2.558341181922172e-4,Class1
Japan_84,0.9997175951762054,2.8240482379453746e-4,Class1
Japan_85,0.9993927907259476,6.07209274052387e-4,Class1
Japan_86,0.0010538687245124916,0.9989461312754875,Class2
Japan_87,0.9997441658818078,2.558341181922172e-4,Class1
Japan_88,0.9973800382912006,0.002619961708799783,Class1
Japan_89,0.9965955906818184,0.0034044093181819198,Class1
Japan_9,0.9997175951762054,2.8240482379453746e-4,Class1
Japan_90,0.9995860574900663,4.1394250993367714e-4,Class1
Japan_91,0.03700043458074779,0.9629995654192521,Class2
Japan_92,0.9744649947114621,0.025535005288538037,Class1
Japan_93,0.9997441658818078,2.558341181922172e-4,Class1
Japan_94,0.9999095740164806,9.042598351937989e-5,Class1
Japan_95,0.9438852069734214,0.05611479302657863,Class1
Japan_96,4.113664477380744e-6,0.9999958863355223,Class2
Japan_97,1.0293962203809989e-5,0.9999897060377964,Class2
Japan_98,0.9991937833192432,8.062166807568506e-4,Class1
Japan_99,0.9997396109121853,2.603890878148701e-4,Class1
