respondent_id,prob_class1,prob_class2,prob_class3,assigned_class
China_1,3.627992674956532e-29,0.011449705651817391,0.9885502943481826,Class3
China_10,1.1519838735248357e-45,0.999348040986452,6.519590135480885e-4,Class2
China_100,1.0132386916500143e-27,2.4317762648340223e-5,0.9999756822373516,Class3
China_101,2.5968907797128736e-47,4.530954711285588e-5,0.9999546904528873,Class3
China_102,2.648835995305467e-31,0.6715716900958365,0.32842830990416344,Class2
China_103,0.9994703408434126,1.1673710070378505e-25,5.296591565875446e-4,Class1
China_104,1.5243051378423318e-6,1.538274668605588e-7,0.9999983218673951,Class3
China_105,0.06128059690397648,4.431190623940004e-15,0.938719403096019,Class3
China_106,4.4041340795435926e-5,1.1415927724907252e-10,0.9999559585450452,Class3
China_107,1.7731272561835866e-6,3.708980547496529e-7,0.9999978559746892,Class3
China_108,9.278554076180814e-6,1.769934117291559e-8,0.9999907037465827,Class3
China_109,1.7731272561835866e-6,3.708980547496529e-7,0.9999978559746892,Class3
China_11,1.7731272561835866e-6,3.708980547496529e-7,0.9999978559746892,Class3
China_110,1.840260178534406e-5,6.093398299661887e-8,0.9999815364642318,Class3
China_111,0.7732351423667573,1.750258324363452e-18,0.22676485763324275,Class1
China_112,5.355260125058748e-38,9.682107239305912e-5,0.9999031789276069,Class3
China_113,0.04029785136077423,1.1505953580396727e-14,0.9597021486392142,Class3
China_114,9.324607738791404e-46,0.9995335463445407,4.664536554591085e-4,Class2
China_115,2.5682642558057353e-4,8.557322903502397e-11,0.9997431734888462,Class3
China_116,1.5243051378423318e-6,1.538274668605588e-7,0.9999983218673951,Class3
China_117,3.844298005801781e-36,4.459228917933149e-8,0.9999999554077109,Class3
China_118,3.3391366067042478e-18,1.1529997597330212e-4,0.9998847000240267,Class3
China_119,0.23939168952688517,7.608229476249075e-16,0.760608310473114,Class3
China_12,0.9977458661655219,7.606297422366999e-24,0.002254133834478129,Class1
China_120,4.528269049066314e-5,1.9689701798745618e-10,0.9999547171126123,Class3
China_121,3.068107641050448e-16,1.0377957806866384e-7,0.9999998962204216,Class3
China_122,9.860839302360797e-27,2.675318109602255e-6,0.9999973246818905,Class3
China_123,1.5243051378423318e-6,1.538274668605588e-7,0.9999983218673951,Class3
China_124,0.011210469789426027,1.206754457188172e-13,0.9887895302104532,Class3
China_125,1.1519838735248357e-45,0.999348040986452,6.519590135480885e-4,Class2
China_126,6.935785714431936e-5,8.712609541714055e-10,0.9999306412715948,Class3
China_127,4.968889624617984e-6,6.202889723755551e-7,0.9999944108214032,Class3
China_128,1.067198277758958e-34,3.6548307612240624e-10,0.9999999996345169,Class3
China_129,3.941243474183476e-16,2.6801300566647e-8,0.999999973198699,Class3
China_13,8.673762994727938e-22,4.406379328842968e-15,0.9999999999999956,Class3
China_130,1.7731272561835866e-6,3.708980547496529e-7,0.9999978559746892,Class3
China_131,1.1519838735248357e-45,0.999348040986452,6.519590135480885e-4,Class2
China_132,5.077047153199686e-58,0.9999820095047239,1.799049527611777e-5,Class2
China_133,0.8413011186372341,4.822794464652593e-19,0.15869888136276578,Class1
China_134,3.426649404292761e-39,0.0071264180670903825,0.9928735819329095,Class3
China_135,8.843496985386615e-65,0.9978526592555742,0.0021473407444256394,Class2
China_136,0.9977458661655219,7.606297422366999e-24,0.002254133834478129,Class1
China_137,1.5243051378423318e-6,1.538274668605588e-7,0.9999983218673951,Class3
China_138,1.7731272561835866e-6,3.708980547496529e-7,0.9999978559746892,Class3
China_139,0.17546330824901196,1.569482564113454e-14,0.8245366917509723,Class3
China_14,0.4724189558686978,2.4033444441382024e-17,0.5275810441313021,Class3
China_140,1.56727092217782e-6,2.653152959931004e-7,0.9999981674137818,Class3
China_141,1.56727092217782e-6,2.653152959931004e-7,0.9999981674137818,Class3
China_142,0.9883157994551922,8.262033594134095e-22,0.011684200544808098,Class1
China_143,1.9842983794735185e-6,3.3181835931628485e-7,0.9999976838832612,Class3
China_144,5.015156152994637e-58,0.99997750015667,2.249984332997951e-5,Class2
China_145,2.199875330918565e-65,0.9992236928145353,7.763071854645886e-4,Class2
China_146,1.56727092217782e-6,2.653152959931004e-7,0.9999981674137818,Class3
China_147,2.4113716435254683e-36,1.1128892141723529e-7,0.9999998887110786,Class3
China_148,0.011210469789426027,1.206754457188172e-13,0.9887895302104532,Class3
China_149,0.010906491748372039,6.998805692653894e-14,0.9890935082515578,Class3
China_15,1.1663474101618261e-45,0.9994786387943825,5.213612056175069e-4,Class2
China_150,5.329975050121832e-4,2.3444193380993828e-11,0.9994670024715436,Class3
China_151,5.314512058218293e-4,4.51993759559266e-11,0.999468548748979,Class3
China_152,3.436330175543294e-5,1.7386706038336942e-9,0.999965634959574,Class3
China_153,9.324607738791404e-46,0.9995335463445407,4.664536554591085e-4,Class2
China_154,1.56727092217782e-6,2.653152959931004e-7,0.9999981674137818,Class3
China_155,2.0340467600614767e-4,1.1596900827264179e-10,0.9997965952080249,Class3
China_156,2.6710892347970726e-13,1.421617968415592e-13,0.9999999999995905,Class3
China_157,3.2423605761693986e-4,4.646193131430428e-11,0.9996757638959212,Class3
China_158,1.7731272561835866e-6,3.708980547496529e-7,0.9999978559746892,Class3
China_159,1.1673522876063557e-16,3.0280017332100016e-7,0.9999996971998266,Class3
China_16,1.1561331592477167e-15,4.848845589804651e-9,0.9999999951511533,Class3
China_160,0.5722912472738759,1.2132206038143993e-17,0.42770875272612424,Class1
China_161,1.9315122892893518e-45,0.9988760587777605,0.0011239412222395025,Class2
China_162,1.56727092217782e-6,2.653152959931004e-7,0.9999981674137818,Class3
China_163,5.015156152994637e-58,0.99997750015667,2.249984332997951e-5,Class2
China_164,1.56727092217782e-6,2.653152959931004e-7,0.9999981674137818,Class3
China_165,6.197716773393708e-5,9.738801774871044e-10,0.9999380218583859,Class3
China_166,0.9977458661655219,7.606297422366999e-24,0.002254133834478129,Class1
China_167,0.13790132567161495,7.545986254895643e-16,0.8620986743283844,Class3
China_168,0.011210469789426027,1.206754457188172e-13,0.9887895302104532,Class3
China_169,2.405883715826607e-19,0.011808056068240856,0.988191943931759,Class3
China_17,9.324607738791404e-46,0.9995335463445407,4.664536554591085e-4,Class2
China_170,1.56727092217782e-6,2.653152959931004e-7,0.9999981674137818,Class3
China_171,1.56727092217782e-6,2.653152959931004e-7,0.9999981674137818,Class3
China_172,1.5627588479476612e-45,0.999721035489869,2.789645101311277e-4,Class2
China_173,0.9977458661655219,7.606297422366999e-24,0.002254133834478129,Class1
China_174,1.7731272561835866e-6,3.708980547496529e-7,0.9999978559746892,Class3
China_175,1.9842983794735185e-6,3.3181835931628485e-7,0.9999976838832612,Class3
China_176,0.16247289973233137,1.436395081471276e-14,0.8375271002676544,Class3
China_177,1.56727092217782e-6,2.653152959931004e-7,0.9999981674137818,Class3
China_178,1.7731272561835866e-6,3.708980547496529e-7,0.9999978559746892,Class3
China_179,9.324607738791404e-46,0.9995335463445407,4.664536554591085e-4,Class2
China_18,0.9528016103001103,2.430253826091728e-20,0.0471983896998896,Class1
China_180,1.2002054385385745e-14,2.43800635592477e-10,0.9999999997561874,Class3
China_181,0.09939166225416923,3.700648263665831e-15,0.900608337745827,Class3
China_182,5.8045400209794996e-6,2.606343488107807e-8,0.9999941693965441,Class3
China_183,0.9515356923944065,1.4468316444137815e-20,0.048464307605593476,Class1
China_184,6.566945910205568e-6,3.6435414707460825e-8,0.9999933966186751,Class3
China_185,0.35067499396896773,5.030611632252786e-17,0.6493250060310323,Class3
China_186,5.015156152994637e-58,0.99997750015667,2.249984332997951e-5,Class2
China_187,0.010906491748372039,6.998805692653894e-14,0.9890935082515578,Class3
China_188,1.8971030676134554e-4,2.7035842491888733e-11,0.9998102896662029,Class3
China_189,5.8045400209794996e-6,2.606343488107807e-8,0.9999941693965441,Class3
China_19,1.5820003729932857e-31,0.8313742466562196,0.16862575334378033,Class2
China_190,0.04029785136077423,1.1505953580396727e-14,0.9597021486392142,Class3
China_191,1.1519838735248357e-45,0.999348040986452,6.519590135480885e-4,Class2
China_192,1.5243051378423318e-6,1.538274668605588e-7,0.9999983218673951,Class3
China_193,0.009309116415362794,5.791500958805404e-14,0.9906908835845792,Class3
China_194,5.077047153199686e-58,0.9999820095047239,1.799049527611777e-5,Class2
China_195,1.56727092217782e-6,2.653152959931004e-7,0.9999981674137818,Class3
China_196,9.278554076180814e-6,1.769934117291559e-8,0.9999907037465827,Class3
China_197,1.5243051378423318e-6,1.538274668605588e-7,0.9999983218673951,Class3
China_198,1.7731272561835866e-6,3.708980547496529e-7,0.9999978559746892,Class3
China_199,1.1897576099643059e-20,4.252301772481727e-17,1,Class3
China_2,1.9842983794735185e-6,3.3181835931628485e-7,0.9999976838832612,Class3
China_20,4.330696014825012e-39,0.008896814712419876,0.9911031852875801,Class3
China_200,1.0848730814868692e-29,0.019351182120790098,0.9806488178792098,Class3
China_201,0.045350824801952,1.600008737312116e-14,0.9546491751980319,Class3
China_202,1.1519838735248357e-45,0.999348040986452,6.519590135480885e-4,Class2
China_203,1.7731272561835866e-6,3.708980547496529e-7,0.9999978559746892,Class3
China_204,0.06128059690397648,4.431190623940004e-15,0.938719403096019,Class3
China_205,4.0587360060372314e-58,0.9999839050410416,1.6094958958219025e-5,Class2
China_206,4.317271867281314e-44,0.9934028277685492,0.006597172231450888,Class2
China_207,3.565912593013269e-17,4.308991958125086e-6,0.9999956910080419,Class3
China_208,1.9842983794735185e-6,3.3181835931628485e-7,0.9999976838832612,Class3
China_209,7.594458280188402e-29,0.003164001112404423,0.9968359988875956,Class3
China_21,6.718807167347286e-29,0.002265351333886905,0.99773464866611306,Class3
China_210,1.5892589130595726e-11,3.681788401197962e-14,0.9999999999840707,Class3
China_211,1.3141788110189318e-36,5.677103021333069e-7,0.9999994322896979,Class3
China_212,0.012664287589292467,1.6845049844890576e-13,0.9873357124105391,Class3
China_213,1.1743222373261152e-36,6.345718689037885e-7,0.9999993654281311,Class3
China_214,0.010906491748372039,6.998805692653894e-14,0.9890935082515578,Class3
China_215,0.8780784984105727,1.2265333957153777e-19,0.12192150158942727,Class1
China_216,1.56727092217782e-6,2.653152959931004e-7,0.9999981674137818,Class3
China_217,5.015156152994637e-58,0.99997750015667,2.249984332997951e-5,Class2
China_218,5.015156152994637e-58,0.99997750015667,2.249984332997951e-5,Class2
China_219,1.5243051378423318e-6,1.538274668605588e-7,0.9999983218673951,Class3
China_22,0.045350824801952,1.600008737312116e-14,0.9546491751980319,Class3
China_220,6.801012200678586e-58,0.9999903760871166,9.62391288337367e-6,Class2
China_221,1.56727092217782e-6,2.653152959931004e-7,0.9999981674137818,Class3
China_222,1.9842983794735185e-6,3.3181835931628485e-7,0.9999976838832612,Class3
China_223,0.011210469789426027,1.206754457188172e-13,0.9887895302104532,Class3
China_224,3.8876654965269796e-5,2.430567872709249e-9,0.9999611209144669,Class3
China_225,0.010906491748372039,6.998805692653894e-14,0.9890935082515578,Class3
China_226,2.811267094759286e-51,0.8794214392759405,0.12057856072405981,Class2
China_227,0.9980070454112832,9.4012025692419085e-24,0.001992954588717077,Class1
China_228,2.0340467600614767e-4,1.1596900827264179e-10,0.9997965952080249,Class3
China_229,1.56727092217782e-6,2.653152959931004e-7,0.9999981674137818,Class3
China_23,0.007981469075587472,4.223956469708186e-13,0.9920185309239901,Class3
China_230,0.7732351423667573,1.750258324363452e-18,0.22676485763324275,Class1
China_231,1.1519838735248357e-45,0.999348040986452,6.519590135480885e-4,Class2
China_232,1.279247277392792e-25,6.1641459291125505e-9,0.9999999938358539,Class3
China_233,9.324607738791404e-46,0.9995335463445407,4.664536554591085e-4,Class2
China_234,0.9980070454112832,9.4012025692419085e-24,0.001992954588717077,Class1
China_235,9.278554076180814e-6,1.769934117291559e-8,0.9999907037465827,Class3
China_236,1.8318750622058755e-31,0.7790931734788221,0.2209068265211779,Class2
China_237,0.9934345968428375,2.820474904478171e-22,0.006565403157162488,Class1
China_238,0.36608852044103757,1.2430142664575565e-16,0.6339114795589622,Class3
China_239,0.011210469789426027,1.206754457188172e-13,0.9887895302104532,Class3
China_24,0.9976824754988575,4.534083066154267e-24,0.0023175245011425303,Class1
China_240,5.885973565002293e-38,5.947847035110178e-4,0.9994052152964891,Class3
China_241,6.687387069246414e-11,8.811283018788638e-17,0.9999999999331259,Class3
China_242,0.9917021328381197,2.850289581618823e-22,0.00829786716188027,Class1
China_243,0.9864343796385079,3.97838440227423e-22,0.013565620361492128,Class1
China_244,0.8449773257288133,8.125471665744569e-19,0.15502267427118666,Class1
China_245,1.56727092217782e-6,2.653152959931004e-7,0.9999981674137818,Class3
China_246,2.865632499194621e-17,1.6386787539213872e-6,0.9999983613212461,Class3
China_247,2.6802477525226506e-4,1.3132289302060786e-11,0.9997319752116155,Class3
China_248,0.5791757076775632,8.871442154177742e-18,0.42082429232243695,Class1
China_249,1.9315122892893518e-45,0.9988760587777605,0.0011239412222395025,Class2
China_25,5.015156152994637e-58,0.99997750015667,2.249984332997951e-5,Class2
China_250,9.172915670490988e-10,8.503179497396478e-19,0.9999999990827082,Class3
China_251,0.02275968803914268,9.012818661581608e-15,0.977240311960848,Class3
China_252,1.8660186471024155e-16,2.0562840983591267e-7,0.99999979437159,Class3
China_253,1.56727092217782e-6,2.653152959931004e-7,0.9999981674137818,Class3
China_254,1.7731272561835866e-6,3.708980547496529e-7,0.9999978559746892,Class3
China_255,0.010906491748372039,6.998805692653894e-14,0.9890935082515578,Class3
China_256,0.11748547822441545,2.4736680167706305e-14,0.8825145217755598,Class3
China_257,4.968889624617984e-6,6.202889723755551e-7,0.9999944108214032,Class3
China_258,1.56727092217782e-6,2.653152959931004e-7,0.9999981674137818,Class3
China_259,0.04029785136077423,1.1505953580396727e-14,0.9597021486392142,Class3
China_26,0.011210469789426027,1.206754457188172e-13,0.9887895302104532,Class3
China_260,0.02275968803914268,9.012818661581608e-15,0.977240311960848,Class3
China_261,0.03923645044883354,6.678427274703378e-15,0.9607635495511595,Class3
China_262,1.1519838735248357e-45,0.999348040986452,6.519590135480885e-4,Class2
China_263,5.077047153199686e-58,0.9999820095047239,1.799049527611777e-5,Class2
China_264,1.56727092217782e-6,2.653152959931004e-7,0.9999981674137818,Class3
China_265,4.871382183356121e-25,1.0444135059702668e-9,0.9999999989555866,Class3
China_266,3.6380656497980117e-35,2.020155476718162e-9,0.9999999979798445,Class3
China_267,1.2578743201928608e-31,0.7506916838967722,0.24930831610322784,Class2
China_268,1.2725651051190333e-4,1.7078434717963164e-10,0.9998727433187037,Class3
China_269,6.197716773393708e-5,9.738801774871044e-10,0.9999380218583859,Class3
China_27,0.01415120347542234,1.504747726539442e-13,0.9858487965244273,Class3
China_270,0.9926584273654415,3.525364357470471e-22,0.007341572634558686,Class1
China_271,0.9994703408434126,1.1673710070378505e-25,5.296591565875446e-4,Class1
China_272,3.436330175543294e-5,1.7386706038336942e-9,0.999965634959574,Class3
China_273,3.5004939745016916e-44,0.9952719529035812,0.004728047096418693,Class2
China_274,0.011210469789426027,1.206754457188172e-13,0.9887895302104532,Class3
China_275,2.5664224043949e-15,3.3631369390357316e-9,0.9999999966368605,Class3
China_276,0.989546247494747,6.613115360148848e-22,0.01045375250525303,Class1
China_277,1.7731272561835866e-6,3.708980547496529e-7,0.9999978559746892,Class3
China_278,7.0796340200340815e-25,3.770585706446145e-10,0.9999999996229414,Class3
China_279,1.56727092217782e-6,2.653152959931004e-7,0.9999981674137818,Class3
China_28,6.566945910205568e-6,3.6435414707460825e-8,0.9999933966186751,Class3
China_280,0.9993295006003445,1.1816054317239716e-25,6.704993996554588e-4,Class1
China_281,0.011210469789426027,1.206754457188172e-13,0.9887895302104532,Class3
China_282,9.324607738791404e-46,0.9995335463445407,4.664536554591085e-4,Class2
China_283,1.5243051378423318e-6,1.538274668605588e-7,0.9999983218673951,Class3
China_284,6.566945910205568e-6,3.6435414707460825e-8,0.9999933966186751,Class3
China_285,4.0587360060372314e-58,0.9999839050410416,1.6094958958219025e-5,Class2
China_286,0.9980070454112832,9.4012025692419085e-24,0.001992954588717077,Class1
China_287,1.56727092217782e-6,2.653152959931004e-7,0.9999981674137818,Class3
China_288,3.777550030762331e-18,1.6117648944815084e-4,0.9998388235105519,Class3
China_289,1.5243051378423318e-6,1.538274668605588e-7,0.9999983218673951,Class3
China_29,1.2725651051190333e-4,1.7078434717963164e-10,0.9998727433187037,Class3
China_290,0.9917021328381197,2.850289581618823e-22,0.00829786716188027,Class1
China_291,1.7731272561835866e-6,3.708980547496529e-7,0.9999978559746892,Class3
China_292,2.405883715826607e-19,0.011808056068240856,0.988191943931759,Class3
China_293,6.827498419897141e-4,3.571864735043119e-12,0.9993172501544384,Class3
China_294,1.5973544392650334e-10,3.725897567273191e-17,0.9999999998402646,Class3
China_295,0.011210469789426027,1.206754457188172e-13,0.9887895302104532,Class3
China_296,0.011210469789426027,1.206754457188172e-13,0.9887895302104532,Class3
China_297,0.9976824754988575,4.534083066154267e-24,0.0023175245011425303,Class1
China_298,1.5243755258447931e-34,2.7742672573096827e-10,0.9999999997225733,Class3
China_299,1.2636238609433181e-26,1.247629687567436e-7,0.9999998752370312,Class3
China_3,2.405883715826607e-19,0.011808056068240856,0.988191943931759,Class3
China_30,0.9515356923944066,1.4468316444137812e-20,0.048464307605593504,Class1
China_300,1.7731272561835866e-6,3.708980547496529e-7,0.9999978559746892,Class3
China_301,6.801012200678586e-58,0.9999903760871166,9.62391288337367e-6,Class2
China_302,1.1519838735248357e-45,0.999348040986452,6.519590135480885e-4,Class2
China_303,1.1519838735248357e-45,0.999348040986452,6.519590135480885e-4,Class2
China_304,9.278554076180814e-6,1.769934117291559e-8,0.9999907037465827,Class3
China_305,1.1519838735248357e-45,0.999348040986452,6.519590135480885e-4,Class2
China_306,0.4724189558686978,2.4033444441382024e-17,0.5275810441313021,Class3
China_307,0.04029785136077423,1.1505953580396727e-14,0.9597021486392142,Class3
China_308,4.0587360060372314e-58,0.9999839050410416,1.6094958958219025e-5,Class2
China_309,0.5382479050539698,4.537352387667871e-17,0.4617520949460302,Class1
China_31,3.8876654965269796e-5,2.430567872709249e-9,0.9999611209144669,Class3
China_310,0.9977458661655219,7.606297422366999e-24,0.002254133834478129,Class1
China_311,5.8045400209794996e-6,2.606343488107807e-8,0.9999941693965441,Class3
China_312,0.011210469789426027,1.206754457188172e-13,0.9887895302104532,Class3
China_313,1.56727092217782e-6,2.653152959931004e-7,0.9999981674137818,Class3
China_314,9.324607738791404e-46,0.9995335463445407,4.664536554591085e-4,Class2
China_315,0.9977458661655219,7.606297422366999e-24,0.002254133834478129,Class1
China_316,0.8320902235656964,4.678845675160955e-19,0.16790977643430352,Class1
China_317,0.773703596073979,2.9602146450013882e-18,0.22629640392602102,Class1
China_318,9.919409502965912e-4,1.2891306931272699e-12,0.9990080590484143,Class3
China_319,1.2923489623075818e-67,0.9999499301989478,5.006980105226242e-5,Class2
China_32,0.9993295006003445,1.1816054317239716e-25,6.704993996554588e-4,Class1
China_320,3.1519205479237844e-17,3.082363222048227e-6,0.9999969176367779,Class3
China_321,1.2725651051190333e-4,1.7078434717963164e-10,0.9998727433187037,Class3
China_322,1.7731272561835866e-6,3.708980547496529e-7,0.9999978559746892,Class3
China_323,9.324607738791404e-46,0.9995335463445407,4.664536554591085e-4,Class2
China_324,5.077047153199686e-58,0.9999820095047239,1.799049527611777e-5,Class2
China_325,3.342127897019205e-5,1.008066664739581e-9,0.9999665777129629,Class3
China_326,0.9883157994551922,8.262033594134095e-22,0.011684200544808098,Class1
China_327,0.958051393236439,3.0194955724036423e-20,0.04194860676356127,Class1
China_328,0.04029785136077423,1.1505953580396727e-14,0.9597021486392142,Class3
China_329,1.56727092217782e-6,2.653152959931004e-7,0.9999981674137818,Class3
China_33,1.56727092217782e-6,2.653152959931004e-7,0.9999981674137818,Class3
China_330,1.56727092217782e-6,2.653152959931004e-7,0.9999981674137818,Class3
China_331,1.9842983794735185e-6,3.3181835931628485e-7,0.9999976838832612,Class3
China_332,0.007981469075587472,4.223956469708186e-13,0.9920185309239901,Class3
China_333,1.7731272561835866e-6,3.708980547496529e-7,0.9999978559746892,Class3
China_334,2.546561452593035e-10,1.492927495022993e-17,0.9999999997453438,Class3
China_335,1.56727092217782e-6,2.653152959931004e-7,0.9999981674137818,Class3
China_336,2.405883715826607e-19,0.011808056068240856,0.988191943931759,Class3
China_337,1.08938000605907e-4,4.064604781940053e-9,0.9998910579347894,Class3
China_338,4.968889624617984e-6,6.202889723755551e-7,0.9999944108214032,Class3
China_339,0.011210469789426027,1.206754457188172e-13,0.9887895302104532,Class3
China_34,1.7731272561835866e-6,3.708980547496529e-7,0.9999978559746892,Class3
China_340,2.0340467600614767e-4,1.1596900827264179e-10,0.9997965952080249,Class3
China_341,3.777550030762331e-18,1.6117648944815084e-4,0.9998388235105519,Class3
China_342,0.9917021328381197,2.850289581618823e-22,0.00829786716188027,Class1
China_343,5.015156152994637e-58,0.99997750015667,2.249984332997951e-5,Class2
China_344,0.0010909332474068677,2.4246247289952142e-12,0.9989090667501686,Class3
China_345,0.9980070454112832,9.4012025692419085e-24,0.001992954588717077,Class1
China_346,0.0011669393802390057,2.64407417695167e-12,0.9988330606171167,Class3
China_347,1.3136626934339051e-11,1.0405850661560245e-14,0.999999999986853,Class3
China_348,1.7731272561835866e-6,3.708980547496529e-7,0.9999978559746892,Class3
China_349,1.9842983794735185e-6,3.3181835931628485e-7,0.9999976838832612,Class3
China_35,1.1747415792521496e-5,2.2135756029516837e-8,0.9999882304484514,Class3
China_350,1.56727092217782e-6,2.653152959931004e-7,0.9999981674137818,Class3
China_351,6.801012200678586e-58,0.9999903760871166,9.62391288337367e-6,Class2
China_352,0.9994703408434126,1.1673710070378505e-25,5.296591565875446e-4,Class1
China_353,1.56727092217782e-6,2.653152959931004e-7,0.9999981674137818,Class3
China_354,1.2291412766275723e-41,0.8009977937422302,0.19900220625776974,Class2
China_355,0.9977458661655219,7.606297422366999e-24,0.002254133834478129,Class1
China_356,3.436330175543294e-5,1.7386706038336942e-9,0.999965634959574,Class3
China_357,0.6541321705362391,2.053570787054973e-18,0.34586782946376093,Class1
China_358,1.5243051378423318e-6,1.538274668605588e-7,0.9999983218673951,Class3
China_359,5.4782126436978e-5,6.966525789250139e-10,0.9999452171769104,Class3
China_36,9.324607738791404e-46,0.9995335463445407,4.664536554591085e-4,Class2
China_360,0.0628992826217051,7.629557953257851e-15,0.9371007173782873,Class3
China_361,5.077047153199686e-58,0.9999820095047239,1.799049527611777e-5,Class2
China_362,6.566945910205568e-6,3.6435414707460825e-8,0.9999933966186751,Class3
China_363,8.412665392755985e-58,0.999961193821279,3.880617872094176e-5,Class2
China_364,5.015156152994637e-58,0.99997750015667,2.249984332997951e-5,Class2
China_365,0.041402108868664265,8.541308409243708e-15,0.9585978911313272,Class3
China_366,8.376108607483662e-32,0.8385382762847186,0.16146172371528136,Class2
China_367,0.9980070454112832,9.4012025692419085e-24,0.001992954588717077,Class1
China_368,9.278554076180814e-6,1.769934117291559e-8,0.9999907037465827,Class3
China_369,2.575138188734561e-4,1.450296408227749e-10,0.99974248603609694,Class3
China_37,2.6802477525226506e-4,1.3132289302060878e-11,0.9997319752116155,Class3
China_370,3.242360576169395e-4,4.646193131430447e-11,0.9996757638959212,Class3
China_371,0.9977458661655219,7.606297422366999e-24,0.002254133834478129,Class1
China_372,1.7731272561835866e-6,3.708980547496529e-7,0.9999978559746892,Class3
China_373,0.9917021328381197,2.850289581618823e-22,0.00829786716188027,Class1
China_374,1.7731272561835866e-6,3.708980547496529e-7,0.9999978559746892,Class3
China_375,1.1519838735248357e-45,0.999348040986452,6.519590135480885e-4,Class2
China_376,8.412665392755985e-58,0.999961193821279,3.880617872094176e-5,Class2
China_377,0.0031381140582798627,3.0074357052471813e-12,0.9968618859387128,Class3
China_378,1.56727092217782e-6,2.653152959931004e-7,0.9999981674137818,Class3
China_379,1.983553692786339e-37,9.51215473789791e-6,0.9999904878452621,Class3
China_38,0.9977458661655219,7.606297422366999e-24,0.002254133834478129,Class1
China_380,3.4363301755432974e-5,1.7386706038336837e-9,0.999965634959574,Class3
China_381,1.3448565777640582e-5,3.77027026624621e-9,0.9999865476639521,Class3
China_382,5.015156152994637e-58,0.99997750015667,2.249984332997951e-5,Class2
China_383,1.5243051378423318e-6,1.538274668605588e-7,0.9999983218673951,Class3
China_384,0.011210469789426027,1.206754457188172e-13,0.9887895302104532,Class3
China_385,0.13489634187637525,1.7268099682493614e-15,0.865103658123623,Class3
China_386,0.04029785136077423,1.1505953580396727e-14,0.9597021486392142,Class3
China_387,6.197716773393708e-5,9.738801774871044e-10,0.9999380218583859,Class3
China_388,1.7731272561835866e-6,3.708980547496529e-7,0.9999978559746892,Class3
China_389,0.018300091972986262,6.046757361882462e-14,0.9816999080269532,Class3
China_39,0.47935201311947034,4.0907175652871564e-17,0.5206479868805296,Class3
China_390,0.0011669393802390057,2.64407417695167e-12,0.9988330606171167,Class3
China_391,7.529179272115136e-4,1.1386081199783613e-11,0.9992470820614023,Class3
China_392,3.3391366067042478e-18,1.1529997597330212e-4,0.9998847000240267,Class3
China_393,1.56727092217782e-6,2.653152959931004e-7,0.9999981674137818,Class3
China_394,2.0340467600614767e-4,1.1596900827264179e-10,0.9997965952080249,Class3
China_395,1.5627588479476612e-45,0.999721035489869,2.789645101311277e-4,Class2
China_396,3.847363466090341e-7,1.435821914801172e-6,0.9999981794417385,Class3
China_397,0.006249093162067102,9.329657470083592e-14,0.9937509068378394,Class3
China_398,0.007261768557155041,2.2472106179769721e-13,0.9927382314426203,Class3
China_399,1.7693562930502356e-55,0.9991589574020956,8.41042597904357e-4,Class2
China_4,2.301151937578431e-4,1.621148290278911e-10,0.9997698846441273,Class3
China_40,0.6753486054171136,3.625829684466537e-18,0.3246513945828863,Class1
China_400,0.9977458661655219,7.606297422366999e-24,0.002254133834478129,Class1
China_401,3.1844344599740896e-99,0.9999953828254284,4.6171745716904324e-6,Class2
China_402,0.8714833942741665,5.787769736796286e-18,0.12851660572583348,Class1
China_403,2.280967911174939e-30,0.25731099971901666,0.7426890002809833,Class3
China_404,5.4782126436978e-5,6.966525789250139e-10,0.9999452171769104,Class3
China_405,1.7731272561835866e-6,3.708980547496529e-7,0.9999978559746892,Class3
China_406,0.9976824754988575,4.534083066154267e-24,0.0023175245011425303,Class1
China_407,1.1519838735248357e-45,0.999348040986452,6.519590135480885e-4,Class2
China_408,1.146313817978254e-27,3.399474709713874e-5,0.9999660052529028,Class3
China_409,1.1519838735248357e-45,0.999348040986452,6.519590135480885e-4,Class2
China_41,0.05047926117152044,1.4237342675658797e-14,0.9495207388284652,Class3
China_410,0.9977458661655219,7.606297422366999e-24,0.002254133834478129,Class1
China_411,0.9528016103001103,2.430253826091728e-20,0.0471983896998896,Class1
China_412,0.9153308209538734,1.5278655974698162e-18,0.08466917904612642,Class1
China_413,0.9977458661655219,7.606297422366999e-24,0.002254133834478129,Class1
China_414,0.011210469789426027,1.206754457188172e-13,0.9887895302104532,Class3
China_415,4.0587360060372314e-58,0.9999839050410416,1.6094958958219025e-5,Class2
China_416,1.56727092217782e-6,2.653152959931004e-7,0.9999981674137818,Class3
China_417,5.8045400209794996e-6,2.606343488107807e-8,0.9999941693965441,Class3
China_418,0.8449773257288132,8.125471665744575e-19,0.15502267427118677,Class1
China_419,0.9982187602561219,7.517169017139257e-24,0.0017812397438781355,Class1
China_42,1.56727092217782e-6,2.653152959931004e-7,0.9999981674137818,Class3
China_420,0.012664287589292467,1.6845049844890576e-13,0.9873357124105391,Class3
China_421,5.015156152994637e-58,0.99997750015667,2.249984332997951e-5,Class2
China_422,1.56727092217782e-6,2.653152959931004e-7,0.9999981674137818,Class3
China_43,0.19909703536906548,6.405663271725707e-16,0.8009029646309339,Class3
China_44,0.9965012650511363,1.2920504664076205e-23,0.003498734948863879,Class1
China_45,2.351595774118452e-19,0.006880344871547334,0.9931196551284526,Class3
China_46,0.011210469789426027,1.206754457188172e-13,0.9887895302104532,Class3
China_47,0.011557741021326137,1.5194530696636884e-13,0.9884422589785219,Class3
China_48,1.1663474101618261e-45,0.9994786387943825,5.213612056175069e-4,Class2
China_49,1.0519105364219846e-4,4.82699014010927e-11,0.9998948088980878,Class3
China_5,0.9994072982126633,1.4601676566854336e-25,5.927017873369639e-4,Class1
China_50,2.903831093888148e-66,0.9997045597114523,2.954402885476256e-4,Class2
China_51,3.342127897019205e-5,1.008066664739581e-9,0.9999665777129629,Class3
China_52,8.20451948269682e-6,5.455549329005483e-9,0.9999917900249679,Class3
China_53,7.349033851631058e-6,3.25963753272644e-8,0.9999926183697729,Class3
China_54,0.9980070454112832,9.4012025692419085e-24,0.001992954588717077,Class1
China_55,1.9842983794735185e-6,3.3181835931628485e-7,0.9999976838832612,Class3
China_56,1.5243051378423318e-6,1.538274668605588e-7,0.9999983218673951,Class3
China_57,1.5243051378423318e-6,1.538274668605588e-7,0.9999983218673951,Class3
China_58,2.804913305575538e-24,4.039634438014641e-11,0.9999999999596034,Class3
China_59,1.56727092217782e-6,2.653152959931004e-7,0.9999981674137818,Class3
China_6,5.8045400209794996e-6,2.606343488107807e-8,0.9999941693965441,Class3
China_60,4.0587360060372314e-58,0.9999839050410416,1.6094958958219025e-5,Class2
China_61,1.816394184832341e-15,6.923249711892624e-9,0.9999999930767485,Class3
China_62,1.9842983794735185e-6,3.3181835931628485e-7,0.9999976838832612,Class3
China_63,0.5101911695112469,5.379901381927711e-17,0.48980883048875307,Class1
China_64,1.1519838735248357e-45,0.999348040986452,6.519590135480885e-4,Class2
China_65,0.11748547822441545,2.4736680167706305e-14,0.8825145217755598,Class3
China_66,3.741892042994476e-7,8.32477255658253e-7,0.9999987933335398,Class3
China_67,0.0628992826217051,7.629557953257851e-15,0.9371007173782873,Class3
China_68,0.841301118637234,4.822794464652596e-19,0.1586988813627659,Class1
China_69,4.20663206091943e-13,1.0850030042507481e-12,0.9999999999984943,Class3
China_7,0.020488600484372666,9.14783593811867e-14,0.9795113995155359,Class3
China_70,0.9917021328381197,2.850289581618823e-22,0.00829786716188027,Class1
China_71,0.9993295006003445,1.1816054317239716e-25,6.704993996554588e-4,Class1
China_72,0.9980070454112832,9.4012025692419085e-24,0.001992954588717077,Class1
China_73,0.04029785136077423,1.1505953580396727e-14,0.9597021486392142,Class3
China_74,0.9976824754988575,4.534083066154267e-24,0.0023175245011425303,Class1
China_75,4.871089704581542e-7,1.795720372566781e-6,0.999997717170657,Class3
China_76,5.015156152994637e-58,0.99997750015667,2.249984332997951e-5,Class2
China_77,1.9842983794735185e-6,3.3181835931628485e-7,0.9999976838832612,Class3
China_78,9.024189097261252e-6,1.0261922893731764e-8,0.9999909655489797,Class3
China_79,6.038744946586969e-18,1.0945890805945639e-4,0.9998905410919405,Class3
China_8,5.1230147290526065e-5,2.752510331813356e-10,0.9999487695774585,Class3
China_80,0.9528016103001103,2.430253826091729e-20,0.04719838969988958,Class1
China_81,0.9977458661655219,7.606297422366999e-24,0.002254133834478129,Class1
China_82,1.430206717959979e-13,3.5385824162932752e-12,0.9999999999963184,Class3
China_83,0.8780784984105727,1.2265333957153777e-19,0.12192150158942727,Class1
China_84,7.111997074993615e-55,0.9976738609965655,0.002326139003434512,Class2
China_85,9.5793104232181485e-13,3.300044306712611e-13,0.9999999999987121,Class3
China_86,1.9730142567387103e-4,3.967317674055935e-11,0.9998026985346529,Class3
China_87,1.5243051378423318e-6,1.538274668605588e-7,0.9999983218673951,Class3
China_88,1.56727092217782e-6,2.653152959931004e-7,0.9999981674137818,Class3
China_89,0.9469506959049561,8.419475923846136e-21,0.05304930409504393,Class1
China_9,0.9926584273654415,3.525364357470471e-22,0.007341572634558686,Class1
China_90,0.0628992826217051,7.629557953257851e-15,0.9371007173782873,Class3
China_91,5.015156152994637e-58,0.99997750015667,2.249984332997951e-5,Class2
China_92,0.05751466926047518,4.079407472482442e-15,0.9424853307395207,Class3
China_93,1.7731272561835866e-6,3.708980547496529e-7,0.9999978559746892,Class3
China_94,0.9977458661655219,7.606297422366999e-24,0.002254133834478129,Class1
China_95,5.64541215552073e-6,1.5111349736121888e-8,0.9999943394764946,Class3
China_96,1.56727092217782e-6,2.653152959931004e-7,0.9999981674137818,Class3
China_97,0.011210469789426027,1.206754457188172e-13,0.9887895302104532,Class3
China_98,0.08887805328915417,2.67809482935704e-15,0.9111219467108431,Class3
China_99,0.04029785136077423,1.1505953580396727e-14,0.9597021486392142,Class3
Japan_1,0.9980228632904121,1.3880472147575587e-4,0.00183833198811219,Class1
Japan_10,0.9895409643248806,0.0030340076706362458,0.007425028004483423,Class1
Japan_100,0.0024527242730045013,2.7165689878570267e-5,0.9975201100371167,Class3
Japan_101,0.9842916678085895,8.717231971532586e-4,0.014836608994257126,Class1
Japan_102,0.9980237894147327,1.442630846193129e-4,0.0018319475006481432,Class1
Japan_103,0.962026650672285,0.03764092972627344,3.3241960144184617e-4,Class1
Japan_104,0.9529889327660883,0.04664255278127113,3.685144526404725e-4,Class1
Japan_105,0.9991597738476831,1.0781781793879295e-4,7.324083343781488e-4,Class1
Japan_106,0.9991597738476831,1.0781781793879295e-4,7.324083343781488e-4,Class1
Japan_107,4.174519811873084e-14,0.999999968655852,3.134410614567244e-8,Class2
Japan_108,0.13452761484472717,0.008025361992688313,0.8574470231625844,Class3
Japan_109,0.9977699849407987,1.8041222877830624e-4,0.002049602830422917,Class1
Japan_11,0.9980228632904121,1.3880472147575587e-4,0.00183833198811219,Class1
Japan_110,4.194801090292334e-10,6.883739544292954e-7,0.9999993112065653,Class3
Japan_111,0.9736571077876095,6.138379420701264e-4,0.025729054270320365,Class1
Japan_112,1.4466977451479583e-7,0.999999633584488,2.217457372982694e-7,Class2
Japan_113,0.9977699849407987,1.8041222877830624e-4,0.002049602830422917,Class1
Japan_114,1.4466977451479583e-7,0.999999633584488,2.217457372982694e-7,Class2
Japan_115,0.9975293832503419,8.701789206563726e-5,0.002383598857592229,Class1
Japan_116,9.184534371160583e-5,5.038449283963885e-6,0.9999031162070044,Class3
Japan_117,0.9977699849407987,1.8041222877830624e-4,0.002049602830422917,Class1
Japan_118,0.9977699849407987,1.8041222877830624e-4,0.002049602830422917,Class1
Japan_119,0.04687490762943241,0.2774678394225738,0.6756572529479936,Class3
Japan_12,1.1914257095063973e-4,1.0420477064518423e-5,0.9998704369519846,Class3
Japan_120,0.9991597738476831,1.0781781793879295e-4,7.324083343781488e-4,Class1
Japan_121,0.9980237894147327,1.442630846193129e-4,0.0018319475006481432,Class1
Japan_122,0.9991597738476831,1.0781781793879295e-4,7.324083343781488e-4,Class1
Japan_123,0.9977699849407987,1.8041222877830624e-4,0.002049602830422917,Class1
Japan_124,4.8219399461513e-9,2.838859614773801e-6,0.9999971563184453,Class3
Japan_125,1.4466977451479583e-7,0.999999633584488,2.217457372982694e-7,Class2
Japan_126,1.1351444299517379e-13,0.9999996601798244,3.398200622175342e-7,Class2
Japan_127,2.27566586742735e-12,0.9999999964260083,3.5717156901242613e-9,Class2
Japan_128,0.9975293832503419,8.701789206563726e-5,0.002383598857592229,Class1
Japan_129,5.10825696460539e-11,5.136014807586976e-7,0.9999994863474366,Class3
Japan_13,1.7959530497730315e-15,7.764666271178672e-9,0.9999999922353319,Class3
Japan_130,0.9975293832503419,8.701789206563726e-5,0.002383598857592229,Class1
Japan_131,5.4558327611582045e-18,0.9999999998388815,1.611186095222918e-10,Class2
Japan_132,1.0683553753901194e-4,1.2148094511575428e-5,0.9998810163679495,Class3
Japan_133,0.9946636724422847,0.0023661975602756705,0.0029701299974394493,Class1
Japan_134,0.9980237894147327,1.442630846193129e-4,0.0018319475006481432,Class1
Japan_135,1.3283545675288262e-10,3.447625440893648e-8,0.99999996539091,Class3
Japan_136,0.9977699849407987,1.8041222877830624e-4,0.002049602830422917,Class1
Japan_137,1.0687595036807672e-8,1.26541491698255e-4,0.9998734478207064,Class3
Japan_138,0.9765030844024549,0.023057668923362095,4.392466741828296e-4,Class1
Japan_139,0.9980237894147327,1.442630846193129e-4,0.0018319475006481432,Class1
Japan_14,0.9991612986999497,1.0373865882369365e-4,7.349626412264552e-4,Class1
Japan_140,4.9206309249704436e-12,1.0214699075942888e-5,0.9999897852960032,Class3
Japan_141,0.9980237894147327,1.442630846193129e-4,0.0018319475006481432,Class1
Japan_142,0.988477287384263,0.0019009412931244893,0.009621771322612271,Class1
Japan_143,0.9980237894147327,1.442630846193129e-4,0.0018319475006481432,Class1
Japan_144,2.3409346818910795e-18,0.9999996042704886,3.957295116026618e-7,Class2
Japan_145,0.9980237894147327,1.442630846193129e-4,0.0018319475006481432,Class1
Japan_146,3.914546243806862e-5,0.9996421182482615,3.1873628930001533e-4,Class2
Japan_147,9.118567213715536e-14,0.9999954164762672,4.583523641544489e-6,Class2
Japan_148,0.9975293832503419,8.701789206563726e-5,0.002383598857592229,Class1
Japan_149,0.9714898399772662,0.028376104722186695,1.340553005468978e-4,Class1
Japan_15,4.02713503187013e-12,1.9428439688822745e-8,0.9999999805675329,Class3
Japan_150,0.9980237894147327,1.442630846193129e-4,0.0018319475006481432,Class1
Japan_151,0.9991597738476831,1.0781781793879295e-4,7.324083343781488e-4,Class1
Japan_152,0.0024527242730045013,2.7165689878570267e-5,0.9975201100371167,Class3
Japan_153,0.9977699849407987,1.8041222877830624e-4,0.002049602830422917,Class1
Japan_154,0.9991597738476831,1.0781781793879295e-4,7.324083343781488e-4,Class1
Japan_155,1.4466977451479583e-7,0.999999633584488,2.217457372982694e-7,Class2
Japan_156,0.9980237894147327,1.442630846193129e-4,0.0018319475006481432,Class1
Japan_157,0.9977699849407987,1.8041222877830624e-4,0.002049602830422917,Class1
Japan_158,0.9975293832503419,8.701789206563726e-5,0.002383598857592229,Class1
Japan_159,5.772372766576543e-12,1.5380868018764425e-8,0.9999999846133596,Class3
Japan_16,4.533006230812566e-16,7.247521581958678e-8,0.9999999275247837,Class3
Japan_160,0.9991597738476831,1.0781781793879295e-4,7.324083343781488e-4,Class1
Japan_161,0.9975293832503419,8.701789206563726e-5,0.002383598857592229,Class1
Japan_162,0.9991597738476831,1.0781781793879295e-4,7.324083343781488e-4,Class1
Japan_163,1.1955780037741837e-4,1.086798731713243e-5,0.9998695742123052,Class3
Japan_164,0.9975293832503419,8.701789206563726e-5,0.002383598857592229,Class1
Japan_165,0.9977699849407987,1.8041222877830624e-4,0.002049602830422917,Class1
Japan_166,0.9991597738476831,1.0781781793879295e-4,7.324083343781488e-4,Class1
Japan_167,0.0013997303650669652,0.9985617700268762,3.849960805709293e-5,Class2
Japan_168,0.9977699849407987,1.8041222877830624e-4,0.002049602830422917,Class1
Japan_169,0.9991597738476831,1.0781781793879295e-4,7.324083343781488e-4,Class1
Japan_17,0.9725335148790362,0.027331817983739574,1.3466713722406603e-4,Class1
Japan_170,0.9975357602686652,1.4597133255751264e-4,0.002318268398777265,Class1
Japan_171,0.19949446114052974,0.005055882680783742,0.7954496561786863,Class3
Japan_172,1.456811904084685e-9,0.9998859897598877,1.1400878330043514e-4,Class2
Japan_173,0.9977699849407987,1.8041222877830624e-4,0.002049602830422917,Class1
Japan_174,0.9991597738476831,1.0781781793879295e-4,7.324083343781488e-4,Class1
Japan_175,0.9980237894147327,1.442630846193129e-4,0.0018319475006481432,Class1
Japan_176,0.021072930809298257,0.019728323214764948,0.9591987459759369,Class3
Japan_177,0.003288526103802276,0.9966548891699302,5.6584726267562494e-5,Class2
Japan_178,0.9980237894147327,1.442630846193129e-4,0.0018319475006481432,Class1
Japan_179,2.5161144762208337e-8,0.9999942566450478,5.718193807569239e-6,Class2
Japan_18,0.012213405560181972,3.496054283335526e-4,0.9874369890114842,Class3
Japan_180,0.9764509647894514,4.921266835847286e-4,0.023056908526964175,Class1
Japan_181,4.1924023090583875e-5,4.464650625209711e-5,0.9999134294706573,Class3
Japan_182,0.9894484383300011,0.003153019351964334,0.007398542318034734,Class1
Japan_183,0.9980237894147327,1.442630846193129e-4,0.0018319475006481432,Class1
Japan_184,0.9625270838727026,0.0011418958019430792,0.03633102032535452,Class1
Japan_185,0.9991597738476831,1.0781781793879295e-4,7.324083343781488e-4,Class1
Japan_186,0.9991597738476831,1.0781781793879295e-4,7.324083343781488e-4,Class1
Japan_187,0.9894484383300011,0.003153019351964334,0.007398542318034734,Class1
Japan_188,0.962026650672285,0.03764092972627344,3.3241960144184617e-4,Class1
Japan_189,0.9975357602686652,1.4597133255751264e-4,0.002318268398777265,Class1
Japan_19,0.9980228632904121,1.3880472147575587e-4,0.00183833198811219,Class1
Japan_190,0.017415413753795513,2.753340547439007e-4,0.9823092521914607,Class3
Japan_191,1.05050124678119e-4,0.7617844000471979,0.2381105498281238,Class2
Japan_192,0.9529889327660883,0.04664255278127113,3.685144526404725e-4,Class1
Japan_193,0.9980237894147327,1.442630846193129e-4,0.0018319475006481432,Class1
Japan_194,0.9977699849407987,1.8041222877830624e-4,0.002049602830422917,Class1
Japan_195,4.1924023090583875e-5,4.464650625209711e-5,0.9999134294706573,Class3
Japan_196,0.8834521160933605,0.005923756242943171,0.110624127663696,Class1
Japan_197,0.9991597738476831,1.0781781793879295e-4,7.324083343781488e-4,Class1
Japan_198,0.9991597738476831,1.0781781793879295e-4,7.324083343781488e-4,Class1
Japan_199,1.8096683603151709e-7,0.9999995711715223,2.4786164181982743e-7,Class2
Japan_2,0.9546724493649782,0.044957098262065856,3.704523729560312e-4,Class1
Japan_20,0.9975243787593773,8.372512562944812e-5,0.002391896114993125,Class1
Japan_200,3.813189913305274e-12,0.9999999978605083,2.1356785281260017e-9,Class2
Japan_201,2.1418484367057677e-28,0.9999999999911204,8.879714409552869e-12,Class2
Japan_202,9.119650338574545e-31,0.9999999997943392,2.0566101233113046e-10,Class2
Japan_203,0.9975293832503419,8.701789206563726e-5,0.002383598857592229,Class1
Japan_204,0.9529889327660883,0.04664255278127113,3.685144526404725e-4,Class1
Japan_205,0.9980237894147327,1.442630846193129e-4,0.0018319475006481432,Class1
Japan_206,1.617615519005841e-11,2.5723013279827974e-8,0.9999999742608103,Class3
Japan_207,0.9714898399772662,0.028376104722186695,1.340553005468978e-4,Class1
Japan_208,0.9991597738476831,1.0781781793879295e-4,7.324083343781488e-4,Class1
Japan_209,0.9980237894147327,1.442630846193129e-4,0.0018319475006481432,Class1
Japan_21,0.011979132005524298,0.0023973979047664912,0.9856234700897092,Class3
Japan_210,2.27566586742735e-12,0.9999999964260083,3.5717156901242613e-9,Class2
Japan_211,0.452271542969661,0.5063885212693024,0.04133993576103651,Class2
Japan_212,0.9980237894147327,1.442630846193129e-4,0.0018319475006481432,Class1
Japan_213,0.9991597738476831,1.0781781793879295e-4,7.324083343781488e-4,Class1
Japan_214,0.9980237894147327,1.442630846193129e-4,0.0018319475006481432,Class1
Japan_215,0.9991597738476831,1.0781781793879295e-4,7.324083343781488e-4,Class1
Japan_216,2.6470626696094226e-7,0.727599068274349,0.2724006670193841,Class2
Japan_217,1.2644712356015041e-10,1.1727964924635318e-6,0.9999988270770603,Class3
Japan_218,1.3283545675288262e-10,3.447625440893648e-8,0.99999996539091,Class3
Japan_219,0.9975293832503419,8.701789206563726e-5,0.002383598857592229,Class1
Japan_22,0.9947424280274625,0.002276852073340899,0.0029807198991966895,Class1
Japan_220,0.9975293832503419,8.701789206563726e-5,0.002383598857592229,Class1
Japan_221,0.9991597738476831,1.0781781793879295e-4,7.324083343781488e-4,Class1
Japan_222,0.9698917576306385,2.949974652249713e-4,0.02981324490413627,Class1
Japan_223,0.9946636724422847,0.0023661975602756705,0.0029701299974394493,Class1
Japan_224,0.9991597738476831,1.0781781793879295e-4,7.324083343781488e-4,Class1
Japan_225,0.9698917576306385,2.949974652249713e-4,0.02981324490413627,Class1
Japan_226,0.9980237894147327,1.442630846193129e-4,0.0018319475006481432,Class1
Japan_227,0.8238724758519453,4.5517120130537274e-4,0.17567235294674918,Class1
Japan_228,8.309980562406701e-11,5.076835765870646e-8,0.9999999491485423,Class3
Japan_229,0.0109648844199848,4.08053619830693e-4,0.9886270619601846,Class3
Japan_23,1.7959530497730315e-15,7.764666271178672e-9,0.9999999922353319,Class3
Japan_230,3.890811997329748e-11,0.9658782663644572,0.034121733596634826,Class2
Japan_231,0.9991597738476831,1.0781781793879295e-4,7.324083343781488e-4,Class1
Japan_232,0.9977699849407987,1.8041222877830624e-4,0.002049602830422917,Class1
Japan_233,0.9975293832503419,8.701789206563726e-5,0.002383598857592229,Class1
Japan_234,0.26702969648120917,5.143828716233342e-4,0.7324559206471675,Class3
Japan_235,0.9980237894147327,1.442630846193129e-4,0.0018319475006481432,Class1
Japan_236,0.9991597738476831,1.0781781793879295e-4,7.324083343781488e-4,Class1
Japan_237,1.9642812022731263e-8,5.245738431884788e-7,0.9999994557833448,Class3
Japan_238,0.9704909998568548,4.951568204314608e-4,0.0290138433227137,Class1
Japan_239,0.9980237894147327,1.442630846193129e-4,0.0018319475006481432,Class1
Japan_24,2.365152059768198e-12,0.9999999962725274,3.72510721611146e-9,Class2
Japan_240,1.4256600040487348e-6,0.800063796974105,0.1999347773658907,Class2
Japan_241,4.581406191993165e-5,0.0023381156497044387,0.9976160702883756,Class3
Japan_242,0.9991597738476831,1.0781781793879295e-4,7.324083343781488e-4,Class1
Japan_243,1.1955780037741837e-4,1.086798731713243e-5,0.9998695742123052,Class3
Japan_244,0.9975293832503419,8.701789206563726e-5,0.002383598857592229,Class1
Japan_245,4.7169488661656325e-12,0.9999999913834073,8.61187562358904e-9,Class2
Japan_246,6.45983635760115e-12,1.3760264342330584e-8,0.9999999862332755,Class3
Japan_247,0.9980237894147327,1.442630846193129e-4,0.0018319475006481432,Class1
Japan_248,0.9977699849407987,1.8041222877830624e-4,0.002049602830422917,Class1
Japan_249,7.047757529107771e-8,0.6230905890616363,0.37690934046078844,Class2
Japan_25,1.5035863345534916e-7,0.9999996183725014,2.3126886498747894e-7,Class2
Japan_250,0.9764509647894514,4.921266835847286e-4,0.023056908526964175,Class1
Japan_251,0.9991597738476831,1.0781781793879295e-4,7.324083343781488e-4,Class1
Japan_252,0.16386495157189968,3.5846551204844366e-4,0.8357765829160518,Class3
Japan_253,0.9980237894147327,1.442630846193129e-4,0.0018319475006481432,Class1
Japan_254,1.0263865181002939e-22,0.9999999984543908,1.545608977513726e-9,Class2
Japan_255,0.3995422458621971,0.5595881540694603,0.04086960006834248,Class2
Japan_256,0.9977699849407987,1.8041222877830624e-4,0.002049602830422917,Class1
Japan_257,0.9975293832503419,8.701789206563726e-5,0.002383598857592229,Class1
Japan_258,0.9980237894147327,1.442630846193129e-4,0.0018319475006481432,Class1
Japan_259,0.9991597738476831,1.0781781793879295e-4,7.324083343781488e-4,Class1
Japan_26,0.9980228632904121,1.3880472147575587e-4,0.00183833198811219,Class1
Japan_260,8.359324218500514e-24,0.9999999999941828,5.817098114484403e-12,Class2
Japan_261,7.332218197625963e-22,0.9999999999214333,7.856640242779868e-11,Class2
Japan_262,0.9977699849407987,1.8041222877830624e-4,0.002049602830422917,Class1
Japan_263,8.8471650016847e-6,1.0020632350118005e-4,0.9998909465114971,Class3
Japan_264,0.9977699849407987,1.8041222877830624e-4,0.002049602830422917,Class1
Japan_265,0.9991597738476831,1.0781781793879295e-4,7.324083343781488e-4,Class1
Japan_266,0.021072930809298278,0.019728323214764965,0.9591987459759368,Class3
Japan_267,0.9977699849407987,1.8041222877830624e-4,0.002049602830422917,Class1
Japan_268,0.9980237894147327,1.442630846193129e-4,0.0018319475006481432,Class1
Japan_269,0.9980237894147327,1.442630846193129e-4,0.0018319475006481432,Class1
Japan_27,1.133745283062802e-4,3.543592456267789e-4,0.9995322662260668,Class3
Japan_270,0.9764509647894514,4.921266835847286e-4,0.023056908526964175,Class1
Japan_271,0.002192267611462683,3.0372937261097103e-5,0.9977773594512762,Class3
Japan_272,0.9977699849407987,1.8041222877830624e-4,0.002049602830422917,Class1
Japan_273,0.9714898399772662,0.028376104722186695,1.340553005468978e-4,Class1
Japan_274,0.9977699849407987,1.8041222877830624e-4,0.002049602830422917,Class1
Japan_275,2.692490836313409e-11,0.9999469360816383,5.306389143694261e-5,Class2
Japan_276,3.813189913305274e-12,0.9999999978605083,2.1356785281260017e-9,Class2
Japan_277,0.9991597738476831,1.0781781793879295e-4,7.324083343781488e-4,Class1
Japan_278,0.8238724758519453,4.5517120130537274e-4,0.17567235294674918,Class1
Japan_279,5.772372766576543e-12,1.5380868018764425e-8,0.9999999846133596,Class3
Japan_28,0.9975243787593773,8.372512562944812e-5,0.002391896114993125,Class1
Japan_280,0.9991597738476831,1.0781781793879295e-4,7.324083343781488e-4,Class1
Japan_281,0.9581069933990921,0.001421833504205123,0.04047117309670295,Class1
Japan_282,1.0270257577746815e-7,0.5335580863693316,0.46644181092809267,Class2
Japan_283,0.9980237894147327,1.442630846193129e-4,0.0018319475006481432,Class1
Japan_284,0.9975293832503419,8.701789206563726e-5,0.002383598857592229,Class1
Japan_285,0.9975293832503419,8.701789206563726e-5,0.002383598857592229,Class1
Japan_286,0.9991597738476831,1.0781781793879295e-4,7.324083343781488e-4,Class1
Japan_287,0.9980237894147327,1.442630846193129e-4,0.0018319475006481432,Class1
Japan_288,1.9378335125729326e-8,0.9997140010010895,2.859796205754207e-4,Class2
Japan_289,0.9975293832503419,8.701789206563726e-5,0.002383598857592229,Class1
Japan_29,0.9977696666568926,1.735862260409873e-4,0.0020567471170663434,Class1
Japan_290,0.9980237894147327,1.442630846193129e-4,0.0018319475006481432,Class1
Japan_291,2.8466214093710337e-12,0.9999999960047821,3.992371536584748e-9,Class2
Japan_292,0.9977699849407987,1.8041222877830624e-4,0.002049602830422917,Class1
Japan_293,4.0848107334532076e-17,0.9999999994702669,5.297328128364815e-10,Class2
Japan_294,0.9977699849407987,1.8041222877830624e-4,0.002049602830422917,Class1
Japan_295,9.55006595711334e-9,1.4144270295171296e-4,0.9998585477469824,Class3
Japan_296,7.30835732071506e-18,0.9999999999138113,8.618876050796234e-11,Class2
Japan_297,0.9975293832503419,8.701789206563726e-5,0.002383598857592229,Class1
Japan_298,0.9894484383300011,0.003153019351964334,0.007398542318034734,Class1
Japan_299,0.9975357602686652,1.4597133255751264e-4,0.002318268398777265,Class1
Japan_3,0.0019477028566525958,0.9980308291152272,2.14680281200908e-5,Class2
Japan_30,3.0935764656261104e-12,9.00681262179629e-9,0.9999999909900937,Class3
Japan_300,0.9980237894147327,1.442630846193129e-4,0.0018319475006481432,Class1
Japan_301,3.139913810322476e-8,3.562325953847832e-7,0.9999996123682665,Class3
Japan_302,0.9977699849407987,1.8041222877830624e-4,0.002049602830422917,Class1
Japan_303,0.9877966318633,0.003937515041449887,0.008265853095250098,Class1
Japan_304,0.0018741507383071604,0.9981052637034401,2.0585558252600617e-5,Class2
Japan_305,0.004400345355990936,0.9955694181873991,3.0236456610069386e-5,Class2
Japan_306,1.8096683603151709e-7,0.9999995711715223,2.4786164181982743e-7,Class2
Japan_307,5.4558327611582045e-18,0.9999999998388815,1.611186095222918e-10,Class2
Japan_308,4.6149120828495494e-9,0.899461995179005,0.10053800020608299,Class2
Japan_309,0.0011193009564627533,0.9988462461306766,3.445291286029606e-5,Class2
Japan_31,0.9977696666568926,1.735862260409873e-4,0.0020567471170663434,Class1
Japan_310,1.4052924625844796e-27,0.999999999996829,3.170674209741726e-12,Class2
Japan_311,0.9991597738476831,1.0781781793879295e-4,7.324083343781488e-4,Class1
Japan_312,0.9614951369583966,0.03808422385909955,4.206391825039123e-4,Class1
Japan_313,0.9977699849407987,1.8041222877830624e-4,0.002049602830422917,Class1
Japan_314,6.560025661414803e-5,0.9997437945706937,1.906051726920706e-4,Class2
Japan_315,1.0683553753901194e-4,1.2148094511575428e-5,0.9998810163679495,Class3
Japan_316,0.8396465451269157,3.708429880853664e-4,0.15998261188499907,Class1
Japan_317,3.813189913305274e-12,0.9999999978605083,2.1356785281260017e-9,Class2
Japan_318,0.01838237293478912,0.008302600304089901,0.973315026761121,Class3
Japan_319,8.19902580841637e-11,0.9934182042359391,0.006581795682070943,Class2
Japan_32,5.725928780348452e-5,7.1141359555734755e-6,0.9999356265762409,Class3
Japan_320,1.1955780037741837e-4,1.086798731713243e-5,0.9998695742123052,Class3
Japan_321,1.405292462584477e-27,0.999999999996829,3.1706742097417205e-12,Class2
Japan_322,0.9991597738476831,1.0781781793879295e-4,7.324083343781488e-4,Class1
Japan_323,0.9529889327660883,0.04664255278127113,3.685144526404725e-4,Class1
Japan_324,0.9980237894147327,1.442630846193129e-4,0.0018319475006481432,Class1
Japan_325,2.424140236518091e-7,0.9999996249949062,1.3259107000415392e-7,Class2
Japan_326,1.4466977451479583e-7,0.999999633584488,2.217457372982694e-7,Class2
Japan_327,0.9977699849407987,1.8041222877830624e-4,0.002049602830422917,Class1
Japan_328,0.9977699849407987,1.8041222877830624e-4,0.002049602830422917,Class1
Japan_329,0.9980237894147327,1.442630846193129e-4,0.0018319475006481432,Class1
Japan_33,2.6876803657187942e-5,0.9734569181525753,0.02651620504376739,Class2
Japan_330,0.9529889327660883,0.04664255278127113,3.685144526404725e-4,Class1
Japan_331,3.914546243806862e-5,0.9996421182482615,3.1873628930001533e-4,Class2
Japan_332,0.9980237894147327,1.442630846193129e-4,0.0018319475006481432,Class1
Japan_333,7.30835732071506e-18,0.9999999999138113,8.618876050796234e-11,Class2
Japan_334,0.9975293832503419,8.701789206563726e-5,0.002383598857592229,Class1
Japan_335,0.20803467399764078,0.055858440398600044,0.7361068856037591,Class3
Japan_336,0.9977699849407987,1.8041222877830624e-4,0.002049602830422917,Class1
Japan_337,5.4558327611582045e-18,0.9999999998388815,1.611186095222918e-10,Class2
Japan_338,1.7578747694742522e-27,0.9999999999964561,3.5440977307024084e-12,Class2
Japan_339,0.9991597738476831,1.0781781793879295e-4,7.324083343781488e-4,Class1
Japan_34,0.9991612986999497,1.0373865882369365e-4,7.349626412264552e-4,Class1
Japan_340,5.190230025754667e-8,0.9999990336151092,9.144825906701429e-7,Class2
Japan_341,5.102210898591222e-12,1.1002425722446289e-8,0.999999988992472,Class3
Japan_342,0.9877966318633,0.003937515041449887,0.008265853095250098,Class1
Japan_343,0.671277583162482,0.0027766926858757333,0.32594572415164236,Class1
Japan_344,2.8466214093710337e-12,0.9999999960047821,3.992371536584748e-9,Class2
Japan_345,0.0018852403338759185,1.260106562193191e-5,0.9981021586005022,Class3
Japan_346,5.102210898591222e-12,1.1002425722446289e-8,0.999999988992472,Class3
Japan_347,2.424140236518091e-7,0.9999996249949062,1.3259107000415392e-7,Class2
Japan_348,0.9991597738476831,1.0781781793879295e-4,7.324083343781488e-4,Class1
Japan_349,0.9529889327660883,0.04664255278127113,3.685144526404725e-4,Class1
Japan_35,0.9991612986999497,1.0373865882369365e-4,7.349626412264552e-4,Class1
Japan_350,0.9991597738476831,1.0781781793879295e-4,7.324083343781488e-4,Class1
Japan_351,0.9980237894147327,1.442630846193129e-4,0.0018319475006481432,Class1
Japan_352,0.9991597738476831,1.0781781793879295e-4,7.324083343781488e-4,Class1
Japan_353,0.9991597738476831,1.0781781793879295e-4,7.324083343781488e-4,Class1
Japan_354,4.962336129474433e-12,6.379108367220202e-9,0.9999999936159293,Class3
Japan_355,0.9977699849407987,1.8041222877830624e-4,0.002049602830422917,Class1
Japan_356,0.9980237894147327,1.442630846193129e-4,0.0018319475006481432,Class1
Japan_357,0.9991597738476831,1.0781781793879295e-4,7.324083343781488e-4,Class1
Japan_358,0.8010889880469776,2.1352211829096988e-4,0.19869748983473123,Class1
Japan_359,0.9977699849407987,1.8041222877830624e-4,0.002049602830422917,Class1
Japan_36,0.9991612986999497,1.0373865882369365e-4,7.349626412264552e-4,Class1
Japan_360,0.0013997303650669652,0.9985617700268762,3.849960805709293e-5,Class2
Japan_361,6.149173607355152e-12,4.68090315229107e-7,0.9999995319035356,Class3
Japan_362,0.6457601587433095,0.003341320496166651,0.35089852076052397,Class1
Japan_363,0.03565545577955854,0.3591683727773501,0.6051761714430912,Class3
Japan_364,4.7169488661656325e-12,0.9999999913834073,8.61187562358904e-9,Class2
Japan_365,2.424140236518091e-7,0.9999996249949062,1.3259107000415392e-7,Class2
Japan_366,0.9991597738476831,1.0781781793879295e-4,7.324083343781488e-4,Class1
Japan_367,0.9977699849407987,1.8041222877830624e-4,0.002049602830422917,Class1
Japan_368,1.3283545675288262e-10,3.447625440893648e-8,0.99999996539091,Class3
Japan_369,6.120681028806662e-23,0.9999416854980444,5.831450195554313e-5,Class2
Japan_37,0.9975243787593773,8.372512562944812e-5,0.002391896114993125,Class1
Japan_370,0.9977699849407987,1.8041222877830624e-4,0.002049602830422917,Class1
Japan_371,3.813189913305274e-12,0.9999999978605083,2.1356785281260017e-9,Class2
Japan_372,0.0024527242730045013,2.7165689878570267e-5,0.9975201100371167,Class3
Japan_373,0.9991597738476831,1.0781781793879295e-4,7.324083343781488e-4,Class1
Japan_374,1.7423250302662176e-6,0.7816577043658731,0.21834055330909669,Class2
Japan_375,0.9991597738476831,1.0781781793879295e-4,7.324083343781488e-4,Class1
Japan_376,0.22849430069244017,0.04904641123141533,0.7224592880761445,Class3
Japan_377,0.8238724758519453,4.5517120130537274e-4,0.17567235294674918,Class1
Japan_378,0.0024527242730045013,2.7165689878570267e-5,0.9975201100371167,Class3
Japan_379,2.27566586742735e-12,0.9999999964260083,3.5717156901242613e-9,Class2
Japan_38,0.9977696666568926,1.735862260409873e-4,0.0020567471170663434,Class1
Japan_380,0.9764509647894514,4.921266835847286e-4,0.023056908526964175,Class1
Japan_381,0.9975293832503419,8.701789206563726e-5,0.002383598857592229,Class1
Japan_382,0.952515239671983,6.819522891370971e-4,0.04680280803887979,Class1
Japan_383,0.01316403826831115,0.0290095780800516,0.9578263836516373,Class3
Japan_384,0.7528821001517737,0.24176832831694,0.005349571531286442,Class1
Japan_385,0.9991597738476831,1.0781781793879295e-4,7.324083343781488e-4,Class1
Japan_386,3.813189913305274e-12,0.9999999978605083,2.1356785281260017e-9,Class2
Japan_387,3.813189913305274e-12,0.9999999978605083,2.1356785281260017e-9,Class2
Japan_388,0.9975293832503419,8.701789206563726e-5,0.002383598857592229,Class1
Japan_389,1.091694914511029e-13,0.9147237498542651,0.08527625014562545,Class2
Japan_39,0.9991612986999497,1.0373865882369365e-4,7.349626412264552e-4,Class1
Japan_390,0.9714898399772662,0.028376104722186695,1.340553005468978e-4,Class1
Japan_391,9.295028791845857e-6,2.9460092094863715e-6,0.9999877589619985,Class3
Japan_392,0.9975293832503419,8.701789206563726e-5,0.002383598857592229,Class1
Japan_393,0.9991597738476831,1.0781781793879295e-4,7.324083343781488e-4,Class1
Japan_394,0.9714898399772662,0.028376104722186695,1.340553005468978e-4,Class1
Japan_395,0.9980237894147327,1.442630846193129e-4,0.0018319475006481432,Class1
Japan_396,2.880847718341995e-15,5.499353616108933e-9,0.9999999945006435,Class3
Japan_397,0.9977699849407987,1.8041222877830624e-4,0.002049602830422917,Class1
Japan_398,0.0024527242730045013,2.7165689878570267e-5,0.9975201100371167,Class3
Japan_399,0.9991597738476831,1.0781781793879295e-4,7.324083343781488e-4,Class1
Japan_4,0.9991612986999497,1.0373865882369365e-4,7.349626412264552e-4,Class1
Japan_40,0.9980228632904121,1.3880472147575587e-4,0.00183833198811219,Class1
Japan_400,0.9991597738476831,1.0781781793879295e-4,7.324083343781488e-4,Class1
Japan_401,0.9977699849407987,1.8041222877830624e-4,0.002049602830422917,Class1
Japan_402,0.9991597738476831,1.0781781793879295e-4,7.324083343781488e-4,Class1
Japan_403,0.8010889880469776,2.1352211829096988e-4,0.19869748983473123,Class1
Japan_404,0.9980237894147327,1.442630846193129e-4,0.0018319475006481432,Class1
Japan_405,0.9946636724422847,0.0023661975602756705,0.0029701299974394493,Class1
Japan_406,0.9977699849407987,1.8041222877830624e-4,0.002049602830422917,Class1
Japan_407,0.9625270838727026,0.0011418958019430792,0.03633102032535452,Class1
Japan_408,0.0018852403338759185,1.260106562193191e-5,0.9981021586005022,Class3
Japan_409,1.4466977451479583e-7,0.999999633584488,2.217457372982694e-7,Class2
Japan_41,0.9975243787593773,8.372512562944812e-5,0.002391896114993125,Class1
Japan_410,1.4466977451479583e-7,0.999999633584488,2.217457372982694e-7,Class2
Japan_411,0.9980237894147327,1.442630846193129e-4,0.0018319475006481432,Class1
Japan_412,0.9975293832503419,8.701789206563726e-5,0.002383598857592229,Class1
Japan_42,8.583456604646733e-4,1.0716105353466723e-4,0.9990344932860006,Class3
Japan_43,0.6450526539541606,0.003211378401638143,0.35173596764420134,Class1
Japan_44,0.9980228632904121,1.3880472147575587e-4,0.00183833198811219,Class1
Japan_45,0.7653251072967071,7.655542969591553e-4,0.2339093384063338,Class1
Japan_46,8.688038599901051e-24,0.9999999999939329,6.066920227253789e-12,Class2
Japan_47,0.9991612986999497,1.0373865882369365e-4,7.349626412264552e-4,Class1
Japan_48,1.4605528915919372e-27,0.999999999996693,3.306842538759743e-12,Class2
Japan_49,3.2591073619829537e-18,0.9999997792171473,2.2078285272047174e-7,Class2
Japan_5,0.058502990211897,0.004498206660892045,0.9369988031272106,Class3
Japan_50,0.9991612986999497,1.0373865882369365e-4,7.349626412264552e-4,Class1
Japan_51,2.0322960095675722e-10,1.779592861846968e-4,0.9998220405105854,Class3
Japan_52,3.0639750444831895e-13,3.0896052024198325e-7,0.9999996910391733,Class3
Japan_53,2.2321815281369043e-9,0.9999985459794217,1.4517883964833308e-6,Class2
Japan_54,0.2026266360352243,7.067059145329066e-4,0.7966666580502427,Class3
Japan_55,0.9991612986999497,1.0373865882369365e-4,7.349626412264552e-4,Class1
Japan_56,2.51946486046629e-7,0.9999996097681667,1.3828534717507272e-7,Class2
Japan_57,3.1807759725771264e-12,1.553458273068474e-8,0.9999999844622364,Class3
Japan_58,0.9991612986999497,1.0373865882369365e-4,7.349626412264552e-4,Class1
Japan_59,0.9991612986999497,1.0373865882369365e-4,7.349626412264552e-4,Class1
Japan_6,0.9991612986999497,1.0373865882369365e-4,7.349626412264552e-4,Class1
Japan_60,3.5985624531209643e-12,2.1716607982992544e-8,0.9999999782797935,Class3
Japan_61,0.9947424280274625,0.002276852073340899,0.0029807198991966895,Class1
Japan_62,0.6450526539541617,0.0032113784016381424,0.3517359676442003,Class1
Japan_63,2.792153060116871e-6,4.812521214331289e-6,0.9999923953257255,Class3
Japan_64,0.9977696666568926,1.735862260409873e-4,0.0020567471170663434,Class1
Japan_65,8.105039413564436e-11,2.856021969008864e-6,0.9999971438969806,Class3
Japan_66,5.725928780348452e-5,7.1141359555734755e-6,0.9999356265762409,Class3
Japan_67,0.005922181270254371,4.07039624141532e-4,0.9936707791056041,Class3
Japan_68,0.9977696666568926,1.735862260409873e-4,0.0020567471170663434,Class1
Japan_69,1.8808300620043608e-7,0.9999995534106472,2.5850634663786466e-7,Class2
Japan_7,0.9991612986999497,1.0373865882369365e-4,7.349626412264552e-4,Class1
Japan_70,0.20794054791814454,0.053720703473242475,0.7383387486086129,Class3
Japan_71,0.9980228632904121,1.3880472147575587e-4,0.00183833198811219,Class1
Japan_72,0.9763906658910969,4.734776917115788e-4,0.023135856417191732,Class1
Japan_73,1.5035863345534916e-7,0.9999996183725014,2.3126886498747894e-7,Class2
Japan_74,0.9980228632904121,1.3880472147575587e-4,0.00183833198811219,Class1
Japan_75,0.9975243787593773,8.372512562944812e-5,0.002391896114993125,Class1
Japan_76,5.177967483910522e-6,4.6494369914423485e-6,0.9999901725955246,Class3
Japan_77,0.9980228632904121,1.3880472147575587e-4,0.00183833198811219,Class1
Japan_78,0.9977696666568926,1.735862260409873e-4,0.0020567471170663434,Class1
Japan_79,7.45367073782976e-5,1.5345388279657785e-5,0.9999101179043418,Class3
Japan_8,0.9977696666568926,1.735862260409873e-4,0.0020567471170663434,Class1
Japan_80,5.887287321212426e-5,1.227008829168308e-5,0.9999288570384961,Class3
Japan_81,0.9991612986999497,1.0373865882369365e-4,7.349626412264552e-4,Class1
Japan_82,0.9624467710854212,0.0010986001791428138,0.03645462873543615,Class1
Japan_83,0.9980228632904121,1.3880472147575587e-4,0.00183833198811219,Class1
Japan_84,0.9977696666568926,1.735862260409873e-4,0.0020567471170663434,Class1
Japan_85,9.519189658300216e-10,2.007481611643851e-7,0.9999997982999198,Class3
Japan_86,1.8808300620043608e-7,0.9999995534106472,2.5850634663786466e-7,Class2
Japan_87,0.9980228632904121,1.3880472147575587e-4,0.00183833198811219,Class1
Japan_88,2.664162827199044e-9,4.859380839076779e-6,0.9999951379549981,Class3
Japan_89,5.684306208298693e-6,4.1344638064913676e-4,0.9995808693131425,Class3
Japan_9,0.9977696666568926,1.735862260409873e-4,0.0020567471170663434,Class1
Japan_90,0.6450526539541617,0.0032113784016381424,0.3517359676442003,Class1
Japan_91,3.7949138650248687e-17,1.280675125854359e-4,0.9998719324874145,Class3
Japan_92,0.9725335148790362,0.027331817983739574,1.3466713722406603e-4,Class1
Japan_93,0.9980228632904121,1.3880472147575587e-4,0.00183833198811219,Class1
Japan_94,0.0011761090345078318,1.780428787039259e-5,0.9988060866776217,Class3
Japan_95,0.08526755835609635,0.7539057265704913,0.1608267150734125,Class2
Japan_96,2.365152059768198e-12,0.9999999962725274,3.72510721611146e-9,Class2
Japan_97,6.287897047485969e-13,0.9999995268394212,4.7315994998681536e-7,Class2
Japan_98,4.02713503187013e-12,1.9428439688822745e-8,0.9999999805675329,Class3
Japan_99,0.9991612986999497,1.0373865882369365e-4,7.349626412264552e-4,Class1
